Brand,Model,Category,Fuel_Type,Typ,Start_Year,End_Year,HSN_TSN
MERCEDES-BENZ,A Klasse,高背掀背車,插電式油電混合,A 250 e 8G-DCT,2018,至今,N/A
MERCEDES-BENZ,A Klasse,高背掀背車,插電式油電混合,"A 250 e 8G-DCT, Advanced Progressive",2018,至今,N/A
MERCEDES-BENZ,A Klasse,高背掀背車,插電式油電混合,"A 250 e 8G-DCT, Edition 19",2018,至今,N/A
MERCEDES-BENZ,A Klasse,高背掀背車,柴油,A 160 d,2018,至今,N/A
MERCEDES-BENZ,A Klasse,高背掀背車,柴油,"A 160 d, Edition 19",2018,至今,N/A
MERCEDES-BENZ,A Klasse,高背掀背車,柴油,"A 160 d, Edition 2020",2018,至今,N/A
MERCEDES-BENZ,A Klasse,高背掀背車,汽油,A 160,2018,至今,N/A
MERCEDES-BENZ,A Klasse,高背掀背車,汽油,A 160 7G-DCT,2018,至今,N/A
MERCEDES-BENZ,A Klasse,高背掀背車,汽油,"A 160 7G-DCT, Edition 1",2018,至今,N/A
MERCEDES-BENZ,A Klasse,高背掀背車,汽油,"A 160 7G-DCT, Edition 19",2018,至今,N/A
MERCEDES-BENZ,A Klasse,高背掀背車,汽油,"A 160 7G-DCT, Edition 2020",2018,至今,N/A
MERCEDES-BENZ,A Klasse,高背掀背車,汽油,"A 160 7G-DCT, Progressive",2018,至今,N/A
MERCEDES-BENZ,A Klasse,高背掀背車,汽油,"A 160 7G-DCT, Style",2018,至今,N/A
MERCEDES-BENZ,A Klasse,高背掀背車,汽油,"A 160, Advanced Progressive",2018,至今,N/A
MERCEDES-BENZ,A Klasse,高背掀背車,汽油,"A 160, Edition 1",2018,至今,N/A
MERCEDES-BENZ,A Klasse,高背掀背車,汽油,"A 160, Edition 19",2018,至今,N/A
MERCEDES-BENZ,A Klasse,高背掀背車,汽油,"A 160, Edition 2020",2018,至今,N/A
MERCEDES-BENZ,A Klasse,高背掀背車,汽油,"A 160, Edition 2021",2018,至今,N/A
MERCEDES-BENZ,A Klasse,高背掀背車,汽油,"A 160, Progressive",2018,至今,N/A
MERCEDES-BENZ,A Klasse,高背掀背車,汽油,"A 160, Style",2018,至今,N/A
MERCEDES-BENZ,A Klasse,高背掀背車,汽油,A 180,2018,至今,N/A
MERCEDES-BENZ,A Klasse,高背掀背車,汽油,A 180 7G-DCT,2018,至今,N/A
MERCEDES-BENZ,A Klasse,高背掀背車,汽油,"A 180 7G-DCT, Advanced Progressive",2018,至今,N/A
MERCEDES-BENZ,A Klasse,高背掀背車,汽油,"A 180 7G-DCT, Edition 1",2018,至今,N/A
MERCEDES-BENZ,A Klasse,高背掀背車,汽油,"A 180 7G-DCT, Edition 19",2018,至今,N/A
MERCEDES-BENZ,A Klasse,高背掀背車,汽油,"A 180 7G-DCT, Edition 2020",2018,至今,N/A
MERCEDES-BENZ,A Klasse,高背掀背車,汽油,"A 180 7G-DCT, Edition 2021",2018,至今,N/A
MERCEDES-BENZ,A Klasse,高背掀背車,汽油,"A 180 7G-DCT, Entry seit 10/2022",2018,至今,N/A
MERCEDES-BENZ,A Klasse,高背掀背車,汽油,"A 180 7G-DCT, Progressive",2018,至今,N/A
MERCEDES-BENZ,A Klasse,高背掀背車,汽油,"A 180 7G-DCT, Progressive Advanced seit 10/2022",2018,至今,N/A
MERCEDES-BENZ,A Klasse,高背掀背車,汽油,"A 180 7G-DCT, Special Edition seit 01/2025",2018,至今,N/A
MERCEDES-BENZ,A Klasse,高背掀背車,汽油,"A 180 7G-DCT, Style",2018,至今,N/A
MERCEDES-BENZ,A Klasse,高背掀背車,汽油,"A 180, Advanced Progressive",2018,至今,N/A
MERCEDES-BENZ,A Klasse,高背掀背車,汽油,"A 180, Edition 1",2018,至今,N/A
MERCEDES-BENZ,A Klasse,高背掀背車,汽油,"A 180, Edition 19",2018,至今,N/A
MERCEDES-BENZ,A Klasse,高背掀背車,汽油,"A 180, Edition 2020",2018,至今,N/A
MERCEDES-BENZ,A Klasse,高背掀背車,汽油,"A 180, Edition 2021",2018,至今,N/A
MERCEDES-BENZ,A Klasse,高背掀背車,汽油,"A 180, Progressive",2018,至今,N/A
MERCEDES-BENZ,A Klasse,高背掀背車,汽油,"A 180, Style",2018,至今,N/A
MERCEDES-BENZ,A Klasse,高背掀背車,汽油,A 200,2018,至今,N/A
MERCEDES-BENZ,A Klasse,高背掀背車,汽油,A 200 4Matic 8G-DCT,2018,至今,N/A
MERCEDES-BENZ,A Klasse,高背掀背車,汽油,"A 200 4Matic 8G-DCT, Advanced Progressive",2018,至今,N/A
MERCEDES-BENZ,A Klasse,高背掀背車,汽油,"A 200 4Matic 8G-DCT, Edition 2020",2018,至今,N/A
MERCEDES-BENZ,A Klasse,高背掀背車,汽油,"A 200 4Matic 8G-DCT, Edition 2021",2018,至今,N/A
MERCEDES-BENZ,A Klasse,高背掀背車,汽油,"A 200 4Matic 8G-DCT, Progressive",2018,至今,N/A
MERCEDES-BENZ,A Klasse,高背掀背車,汽油,"A 200 4Matic 8G-DCT, Style",2018,至今,N/A
MERCEDES-BENZ,A Klasse,高背掀背車,汽油,A 200 7G-DCT,2018,至今,N/A
MERCEDES-BENZ,A Klasse,高背掀背車,汽油,"A 200 7G-DCT, Advanced Progressive",2018,至今,N/A
MERCEDES-BENZ,A Klasse,高背掀背車,汽油,"A 200 7G-DCT, Edition 1",2018,至今,N/A
MERCEDES-BENZ,A Klasse,高背掀背車,汽油,"A 200 7G-DCT, Edition 19",2018,至今,N/A
MERCEDES-BENZ,A Klasse,高背掀背車,汽油,"A 200 7G-DCT, Edition 2020",2018,至今,N/A
MERCEDES-BENZ,A Klasse,高背掀背車,汽油,"A 200 7G-DCT, Edition 2021",2018,至今,N/A
MERCEDES-BENZ,A Klasse,高背掀背車,汽油,"A 200 7G-DCT, Entry seit 10/2022",2018,至今,N/A
MERCEDES-BENZ,A Klasse,高背掀背車,汽油,"A 200 7G-DCT, Progressive",2018,至今,N/A
MERCEDES-BENZ,A Klasse,高背掀背車,汽油,"A 200 7G-DCT, Progressive Advanced seit 10/2022",2018,至今,N/A
MERCEDES-BENZ,A Klasse,高背掀背車,汽油,"A 200 7G-DCT, Special Edition seit 01/2025",2018,至今,N/A
MERCEDES-BENZ,A Klasse,高背掀背車,汽油,"A 200 7G-DCT, Style",2018,至今,N/A
MERCEDES-BENZ,A Klasse,高背掀背車,汽油,"A 200, Advanced Progressive",2018,至今,N/A
MERCEDES-BENZ,A Klasse,高背掀背車,汽油,"A 200, Edition 1",2018,至今,N/A
MERCEDES-BENZ,A Klasse,高背掀背車,汽油,"A 200, Edition 19",2018,至今,N/A
MERCEDES-BENZ,A Klasse,高背掀背車,汽油,"A 200, Edition 2020",2018,至今,N/A
MERCEDES-BENZ,A Klasse,高背掀背車,汽油,"A 200, Edition 2021",2018,至今,N/A
MERCEDES-BENZ,A Klasse,高背掀背車,汽油,"A 200, Progressive",2018,至今,N/A
MERCEDES-BENZ,A Klasse,高背掀背車,汽油,"A 200, Style",2018,至今,N/A
MERCEDES-BENZ,A Klasse,高背掀背車,汽油,A 220 4Matic 7G-DCT,2018,至今,N/A
MERCEDES-BENZ,A Klasse,高背掀背車,汽油,"A 220 4Matic 7G-DCT, Edition 1",2018,至今,N/A
MERCEDES-BENZ,A Klasse,高背掀背車,汽油,"A 220 4Matic 7G-DCT, Edition 19",2018,至今,N/A
MERCEDES-BENZ,A Klasse,高背掀背車,汽油,"A 220 4Matic 7G-DCT, Edition 2020",2018,至今,N/A
MERCEDES-BENZ,A Klasse,高背掀背車,汽油,"A 220 4Matic 7G-DCT, Progressive",2018,至今,N/A
MERCEDES-BENZ,A Klasse,高背掀背車,汽油,"A 220 4Matic 7G-DCT, Style",2018,至今,N/A
MERCEDES-BENZ,A Klasse,高背掀背車,汽油,"A 220 4Matic 8G-DCT, Entry seit 10/2022",2018,至今,N/A
MERCEDES-BENZ,A Klasse,高背掀背車,汽油,"A 220 4Matic 8G-DCT, Progressive Advanced seit 10/2022",2018,至今,N/A
MERCEDES-BENZ,A Klasse,高背掀背車,汽油,"A 220 4Matic 8G-DCT, Special Edition seit 01/2025",2018,至今,N/A
MERCEDES-BENZ,A Klasse,高背掀背車,汽油,A 220 7G-DCT,2018,至今,N/A
MERCEDES-BENZ,A Klasse,高背掀背車,汽油,"A 220 7G-DCT, Edition 1",2018,至今,N/A
MERCEDES-BENZ,A Klasse,高背掀背車,汽油,"A 220 7G-DCT, Edition 19",2018,至今,N/A
MERCEDES-BENZ,A Klasse,高背掀背車,汽油,"A 220 7G-DCT, Progressive",2018,至今,N/A
MERCEDES-BENZ,A Klasse,高背掀背車,汽油,"A 220 7G-DCT, Style",2018,至今,N/A
MERCEDES-BENZ,A Klasse,高背掀背車,汽油,A 250 4Matic 7G-DCT,2018,至今,N/A
MERCEDES-BENZ,A Klasse,高背掀背車,汽油,"A 250 4Matic 7G-DCT, Advanced Progressive",2018,至今,N/A
MERCEDES-BENZ,A Klasse,高背掀背車,汽油,"A 250 4Matic 7G-DCT, Edition 1",2018,至今,N/A
MERCEDES-BENZ,A Klasse,高背掀背車,汽油,"A 250 4Matic 7G-DCT, Edition 19",2018,至今,N/A
MERCEDES-BENZ,A Klasse,高背掀背車,汽油,"A 250 4Matic 7G-DCT, Edition 2020",2018,至今,N/A
MERCEDES-BENZ,A Klasse,高背掀背車,汽油,"A 250 4Matic 7G-DCT, Edition 2021",2018,至今,N/A
MERCEDES-BENZ,A Klasse,高背掀背車,汽油,"A 250 4Matic 7G-DCT, Progressive",2018,至今,N/A
MERCEDES-BENZ,A Klasse,高背掀背車,汽油,"A 250 4Matic 7G-DCT, Style",2018,至今,N/A
MERCEDES-BENZ,A Klasse,高背掀背車,汽油,"A 250 4Matic 8G-DCT, Progressive Advanced seit 10/2022",2018,至今,N/A
MERCEDES-BENZ,A Klasse,高背掀背車,汽油,"A 250 4Matic 8G-DCT, Special Edition seit 01/2025",2018,至今,N/A
MERCEDES-BENZ,A Klasse,高背掀背車,汽油,A 250 7G-DCT,2018,至今,N/A
MERCEDES-BENZ,A Klasse,高背掀背車,汽油,"A 250 7G-DCT, Advanced Progressive",2018,至今,N/A
MERCEDES-BENZ,A Klasse,高背掀背車,汽油,"A 250 7G-DCT, Edition 1",2018,至今,N/A
MERCEDES-BENZ,A Klasse,高背掀背車,汽油,"A 250 7G-DCT, Edition 19",2018,至今,N/A
MERCEDES-BENZ,A Klasse,高背掀背車,汽油,"A 250 7G-DCT, Edition 2020",2018,至今,N/A
MERCEDES-BENZ,A Klasse,高背掀背車,汽油,"A 250 7G-DCT, Edition 2021",2018,至今,N/A
MERCEDES-BENZ,A Klasse,高背掀背車,汽油,"A 250 7G-DCT, Progressive",2018,至今,N/A
MERCEDES-BENZ,A Klasse,高背掀背車,汽油,"A 250 7G-DCT, Style",2018,至今,N/A
MERCEDES-BENZ,Amg A Klasse,高背掀背車,插電式油電混合,"A 250 e 8G-DCT, AMG Line",2018,至今,N/A
MERCEDES-BENZ,Amg A Klasse,高背掀背車,插電式油電混合,"A 250 e 8G-DCT, AMG Line Advanced Plus",2018,至今,N/A
MERCEDES-BENZ,Amg A Klasse,高背掀背車,插電式油電混合,"A 250 e 8G-DCT, AMG Line Advanced seit 07/2024",2018,至今,N/A
MERCEDES-BENZ,Amg A Klasse,高背掀背車,柴油,"A 160 d, AMG Line",2018,至今,N/A
MERCEDES-BENZ,Amg A Klasse,高背掀背車,柴油,"A 180 d, AMG Line",2018,至今,N/A
MERCEDES-BENZ,Amg A Klasse,高背掀背車,汽油,"A 160 7G-DCT, AMG Line",2018,至今,N/A
MERCEDES-BENZ,Amg A Klasse,高背掀背車,汽油,"A 160, AMG Line",2018,至今,N/A
MERCEDES-BENZ,Amg A Klasse,高背掀背車,汽油,"A 160, Advanced AMG Line",2018,至今,N/A
MERCEDES-BENZ,Amg A Klasse,高背掀背車,汽油,"A 180 7G-DCT, AMG Line",2018,至今,N/A
MERCEDES-BENZ,Amg A Klasse,高背掀背車,汽油,"A 180 7G-DCT, AMG Line Advanced Plus",2018,至今,N/A
MERCEDES-BENZ,Amg A Klasse,高背掀背車,汽油,"A 180 7G-DCT, AMG Line Advanced seit 07/2024",2018,至今,N/A
MERCEDES-BENZ,Amg A Klasse,高背掀背車,汽油,"A 180 7G-DCT, Advanced AMG Line",2018,至今,N/A
MERCEDES-BENZ,Amg A Klasse,高背掀背車,汽油,"A 180 7G-DCT, Edition AMG Line",2018,至今,N/A
MERCEDES-BENZ,Amg A Klasse,高背掀背車,汽油,"A 180, AMG Line",2018,至今,N/A
MERCEDES-BENZ,Amg A Klasse,高背掀背車,汽油,"A 180, Advanced AMG Line",2018,至今,N/A
MERCEDES-BENZ,Amg A Klasse,高背掀背車,汽油,"A 200 4Matic 8G-DCT, AMG Line",2018,至今,N/A
MERCEDES-BENZ,Amg A Klasse,高背掀背車,汽油,"A 200 4Matic 8G-DCT, Advanced AMG Line",2018,至今,N/A
MERCEDES-BENZ,Amg A Klasse,高背掀背車,汽油,"A 200 7G-DCT, AMG Line",2018,至今,N/A
MERCEDES-BENZ,Amg A Klasse,高背掀背車,汽油,"A 200 7G-DCT, AMG Line Advanced Plus",2018,至今,N/A
MERCEDES-BENZ,Amg A Klasse,高背掀背車,汽油,"A 200 7G-DCT, AMG Line Advanced seit 07/2024",2018,至今,N/A
MERCEDES-BENZ,Amg A Klasse,高背掀背車,汽油,"A 200 7G-DCT, Advanced AMG Line",2018,至今,N/A
MERCEDES-BENZ,Amg A Klasse,高背掀背車,汽油,"A 200 7G-DCT, Edition AMG Line",2018,至今,N/A
MERCEDES-BENZ,Amg A Klasse,高背掀背車,汽油,"A 200, AMG Line",2018,至今,N/A
MERCEDES-BENZ,Amg A Klasse,高背掀背車,汽油,"A 200, Advanced AMG Line",2018,至今,N/A
MERCEDES-BENZ,Amg A Klasse,高背掀背車,汽油,"A 220 4Matic 7G-DCT, AMG Line",2018,至今,N/A
MERCEDES-BENZ,Amg A Klasse,高背掀背車,汽油,"A 220 4Matic 8G-DCT, AMG Line Advanced Plus",2018,至今,N/A
MERCEDES-BENZ,Amg A Klasse,高背掀背車,汽油,"A 220 4Matic 8G-DCT, AMG Line Advanced seit 07/2024",2018,至今,N/A
MERCEDES-BENZ,Amg A Klasse,高背掀背車,汽油,"A 220 4Matic 8G-DCT, Edition AMG Line",2018,至今,N/A
MERCEDES-BENZ,Amg A Klasse,高背掀背車,汽油,"A 220 7G-DCT, AMG Line",2018,至今,N/A
MERCEDES-BENZ,Amg A Klasse,高背掀背車,汽油,"A 250 4Matic 7G-DCT, AMG Line",2018,至今,N/A
MERCEDES-BENZ,Amg A Klasse,高背掀背車,汽油,"A 250 4Matic 7G-DCT, Advanced AMG Line",2018,至今,N/A
MERCEDES-BENZ,Amg A Klasse,高背掀背車,汽油,"A 250 4Matic 8G-DCT, AMG Line Advanced Plus",2018,至今,N/A
MERCEDES-BENZ,Amg A Klasse,高背掀背車,汽油,"A 250 4Matic 8G-DCT, AMG Line Advanced seit 07/2024",2018,至今,N/A
MERCEDES-BENZ,Amg A Klasse,高背掀背車,汽油,"A 250 4Matic 8G-DCT, Edition AMG Line",2018,至今,N/A
MERCEDES-BENZ,Amg A Klasse,高背掀背車,汽油,"A 250 7G-DCT, AMG Line",2018,至今,N/A
MERCEDES-BENZ,Amg A Klasse,高背掀背車,汽油,"A 250 7G-DCT, Advanced AMG Line",2018,至今,N/A
MERCEDES-BENZ,Amg A Klasse,高背掀背車,汽油,AMG A 35 4Matic AMG Speedshift DCT 7G,2018,至今,N/A
MERCEDES-BENZ,Amg A Klasse,高背掀背車,汽油,"AMG A 35 4Matic AMG Speedshift DCT 7G, AMG Edition 55",2018,至今,N/A
MERCEDES-BENZ,Amg A Klasse,高背掀背車,汽油,"AMG A 35 4Matic AMG Speedshift DCT 7G, Advanced-Plus",2018,至今,N/A
MERCEDES-BENZ,Amg A Klasse,高背掀背車,汽油,"AMG A 35 4Matic AMG Speedshift DCT 7G, Edition 1",2018,至今,N/A
MERCEDES-BENZ,Amg A Klasse,高背掀背車,汽油,"AMG A 35 4Matic AMG Speedshift DCT 8G, AMG Line Advanced Plus seit 10/2022",2018,至今,N/A
MERCEDES-BENZ,Amg A Klasse,高背掀背車,汽油,AMG A 45 4Matic+ AMG Speedshift DCT 8G,2018,至今,N/A
MERCEDES-BENZ,Amg A Klasse,高背掀背車,汽油,"AMG A 45 4Matic+ AMG Speedshift DCT 8G, Advanced-Plus",2018,至今,N/A
MERCEDES-BENZ,Amg A Klasse,高背掀背車,汽油,"AMG A 45 4Matic+ AMG Speedshift DCT 8G, Edition 55",2018,至今,N/A
MERCEDES-BENZ,Amg A Klasse,高背掀背車,汽油,AMG A 45 S 4Matic+ AMG Speedshift DCT 8G,2018,至今,N/A
MERCEDES-BENZ,Amg A Klasse,高背掀背車,汽油,"AMG A 45 S 4Matic+ AMG Speedshift DCT 8G, AMG Line Premium",2018,至今,N/A
MERCEDES-BENZ,Amg A Klasse,高背掀背車,汽油,"AMG A 45 S 4Matic+ AMG Speedshift DCT 8G, AMG Line Premium seit 03/2025",2018,至今,N/A
MERCEDES-BENZ,Amg A Klasse,高背掀背車,汽油,"AMG A 45 S 4Matic+ AMG Speedshift DCT 8G, AMG Street Style Edition",2018,至今,N/A
MERCEDES-BENZ,Amg A Klasse,高背掀背車,汽油,"AMG A 45 S 4Matic+ AMG Speedshift DCT 8G, Advanced-Plus",2018,至今,N/A
MERCEDES-BENZ,Amg A Klasse,高背掀背車,汽油,"AMG A 45 S 4Matic+ AMG Speedshift DCT 8G, Edition 1",2018,至今,N/A
MERCEDES-BENZ,Amg A Klasse,高背掀背車,汽油,"AMG A 45 S 4Matic+ AMG Speedshift DCT 8G, Edition 55",2018,至今,N/A
MERCEDES-BENZ,Amg A Klasse,高背掀背車,汽油,"AMG A 45 S 4Matic+ AMG Speedshift DCT 8G, Limited Edition",2018,至今,N/A
MERCEDES-BENZ,Amg C Klasse,雙門跑車,柴油,"C 220 d Cabrio 4Matic 9G-TRONIC, AMG Line",2014,2023,N/A
MERCEDES-BENZ,Amg C Klasse,雙門跑車,柴油,"C 220 d Cabrio 9G-TRONIC, AMG Line",2014,2023,N/A
MERCEDES-BENZ,Amg C Klasse,雙門跑車,柴油,"C 220 d Cabrio, AMG Line",2014,2023,N/A
MERCEDES-BENZ,Amg C Klasse,雙門跑車,汽油,AMG C 43 Cabrio 4Matic 9G-TRONIC,2014,2023,N/A
MERCEDES-BENZ,Amg C Klasse,雙門跑車,汽油,"AMG C 43 Cabrio 4Matic 9G-TRONIC, Night Edition",2014,2023,N/A
MERCEDES-BENZ,Amg C Klasse,雙門跑車,汽油,AMG C 43 Cabrio 4Matic AMG Speedshift TCT 9G,2014,2023,N/A
MERCEDES-BENZ,Amg C Klasse,雙門跑車,汽油,AMG C 63 Cabrio AMG Speedshift 7G-MCT,2014,2023,N/A
MERCEDES-BENZ,Amg C Klasse,雙門跑車,汽油,"AMG C 63 Cabrio AMG Speedshift 7G-MCT, Edition 1",2014,2023,N/A
MERCEDES-BENZ,Amg C Klasse,雙門跑車,汽油,AMG C 63 Cabrio AMG Speedshift MCT 9G,2014,2023,N/A
MERCEDES-BENZ,Amg C Klasse,雙門跑車,汽油,AMG C 63 Cabrio S AMG Speedshift 7G-MCT,2014,2023,N/A
MERCEDES-BENZ,Amg C Klasse,雙門跑車,汽油,"AMG C 63 Cabrio S AMG Speedshift 7G-MCT, Edition 1",2014,2023,N/A
MERCEDES-BENZ,Amg C Klasse,雙門跑車,汽油,AMG C 63 S Cabrio AMG Speedshift MCT 9G,2014,2023,N/A
MERCEDES-BENZ,Amg C Klasse,雙門跑車,汽油,"C 180 Cabrio 9G-TRONIC, AMG Line",2014,2023,N/A
MERCEDES-BENZ,Amg C Klasse,雙門跑車,汽油,"C 180 Cabrio, AMG Line",2014,2023,N/A
MERCEDES-BENZ,Amg C Klasse,雙門跑車,汽油,"C 200 Cabrio 4Matic 9G-TRONIC, AMG Line",2014,2023,N/A
MERCEDES-BENZ,Amg C Klasse,雙門跑車,汽油,"C 200 Cabrio 9G-TRONIC, AMG Line",2014,2023,N/A
MERCEDES-BENZ,Amg C Klasse,雙門跑車,汽油,"C 200 Cabrio, AMG Line",2014,2023,N/A
MERCEDES-BENZ,Amg C Klasse,雙門跑車,汽油,"C 250 Cabrio 9G-TRONIC, AMG Line",2014,2023,N/A
MERCEDES-BENZ,Amg C Klasse,雙門跑車,汽油,"C 300 Cabrio 9G-TRONIC, AMG Line",2014,2023,N/A
MERCEDES-BENZ,Amg C Klasse,雙門跑車,汽油,"C 400 Cabrio 4Matic 9G-TRONIC, AMG Line",2014,2023,N/A
MERCEDES-BENZ,Amg E Klasse,轎車,汽油,AMG E 53 4Matic Cabrio AMG Speedshift 9G-TRONIC,2016,2023,N/A
MERCEDES-BENZ,Amg E Klasse,轎車,汽油,AMG E 53 4Matic+ Cabrio AMG Speedshift TCT-9G,2016,2023,N/A
MERCEDES-BENZ,Amg G Klasse,越野車,汽油,AMG G 63 AMG SPEEDSHIFT 7G-TRONIC,2012,至今,N/A
MERCEDES-BENZ,Amg G Klasse,越野車,汽油,"AMG G 63 AMG SPEEDSHIFT 7G-TRONIC, Edition 463",2012,至今,N/A
MERCEDES-BENZ,Amg G Klasse,越野車,汽油,"AMG G 63 AMG SPEEDSHIFT 7G-TRONIC, Exclusive Edition",2012,至今,N/A
MERCEDES-BENZ,Amg G Klasse,越野車,汽油,"AMG G 65 AMG SPEEDSHIFT 7G-TRONIC, Edition 463",2012,至今,N/A
MERCEDES-BENZ,Amg G Klasse,越野車,汽油,G 63 AMG AMG SPEEDSHIFT 7G-TRONIC,2012,至今,N/A
MERCEDES-BENZ,Amg G Klasse,越野車,汽油,"G 63 AMG AMG SPEEDSHIFT 7G-TRONIC, Crazy Color",2012,至今,N/A
MERCEDES-BENZ,Amg G Klasse,越野車,汽油,G AMG G 63 AMG Speedshift 9G-TRONIC,2012,至今,N/A
MERCEDES-BENZ,Amg G Klasse,越野車,汽油,G AMG G 63 AMG Speedshift 9G-TRONIC seit 03/2024,2012,至今,N/A
MERCEDES-BENZ,Amg G Klasse,越野車,汽油,"G AMG G 63 AMG Speedshift 9G-TRONIC, AMG Grand Edition",2012,至今,N/A
MERCEDES-BENZ,Amg G Klasse,越野車,汽油,"G AMG G 63 AMG Speedshift 9G-TRONIC, Edition 1",2012,至今,N/A
MERCEDES-BENZ,Amg G Klasse,越野車,汽油,"G AMG G 63 AMG Speedshift 9G-TRONIC, Edition 55",2012,至今,N/A
MERCEDES-BENZ,Amg G Klasse,越野車,汽油,"G AMG G 63 AMG Speedshift 9G-TRONIC, Exclusive",2012,至今,N/A
MERCEDES-BENZ,Amg G Klasse,越野車,汽油,"G AMG G 63 AMG Speedshift 9G-TRONIC, STRONGER THAN TIME Edition",2012,至今,N/A
MERCEDES-BENZ,Amg G Klasse,越野車,汽油,"G AMG G 63 AMG Speedshift 9G-TRONIC, Superior",2012,至今,N/A
MERCEDES-BENZ,Amg Gla,休旅車,插電式油電混合,"GLA 250 e 8G-DCT, AMG Line Advanced Plus seit 05/2023",2020,至今,N/A
MERCEDES-BENZ,Amg Gla,休旅車,插電式油電混合,"GLA 250 e 8G-DCT, Edition AMG Line",2020,至今,N/A
MERCEDES-BENZ,Amg Gla,休旅車,柴油,"GLA 180 d 8G-DCT, AMG Line Advanced Plus seit 05/2023",2020,至今,N/A
MERCEDES-BENZ,Amg Gla,休旅車,柴油,"GLA 180 d 8G-DCT, Edition AMG Line",2020,至今,N/A
MERCEDES-BENZ,Amg Gla,休旅車,汽油,AMG GLA 35 4Matic AMG Speedshift DCT 8G,2020,至今,N/A
MERCEDES-BENZ,Amg Gla,休旅車,汽油,"AMG GLA 35 4Matic AMG Speedshift DCT 8G, AMG Line Advanced Plus seit 05/2023",2020,至今,N/A
MERCEDES-BENZ,Amg Gla,休旅車,汽油,AMG GLA 45 4Matic+ AMG Speedshift DCT 8G,2020,至今,N/A
MERCEDES-BENZ,Amg Gla,休旅車,汽油,AMG GLA 45 S 4Matic+ AMG Speedshift DCT 8G,2020,至今,N/A
MERCEDES-BENZ,Amg Gla,休旅車,汽油,AMG GLA 45 S 4Matic+ AMG Speedshift DCT 8G seit 11/2023,2020,至今,N/A
MERCEDES-BENZ,Amg Gla,休旅車,汽油,"GLA 180 7G-DCT, AMG Line Advanced Plus seit 05/2023",2020,至今,N/A
MERCEDES-BENZ,Amg Gla,休旅車,汽油,"GLA 180 7G-DCT, Edition AMG Line",2020,至今,N/A
MERCEDES-BENZ,Amg Gla,休旅車,汽油,"GLA 200 7G-DCT, AMG Line Advanced Plus seit 05/2023",2020,至今,N/A
MERCEDES-BENZ,Amg Gla,休旅車,汽油,"GLA 200 7G-DCT, Edition AMG Line",2020,至今,N/A
MERCEDES-BENZ,Amg Gla,休旅車,汽油,"GLA 220 4Matic 8G-DCT, AMG Line Advanced Plus seit 05/2023",2020,至今,N/A
MERCEDES-BENZ,Amg Gla,休旅車,汽油,"GLA 220 4Matic 8G-DCT, Edition AMG Line",2020,至今,N/A
MERCEDES-BENZ,Amg Gla,休旅車,汽油,"GLA 250 4Matic 8G-DCT, AMG Line Advanced Plus seit 05/2023",2020,至今,N/A
MERCEDES-BENZ,Amg Gla,休旅車,汽油,"GLA 250 4Matic 8G-DCT, Edition AMG Line",2020,至今,N/A
MERCEDES-BENZ,Amg Glb,休旅車,柴油,"GLB 180 d 8G-DCT, AMG Line Advanced Plus",2019,2025,N/A
MERCEDES-BENZ,Amg Glb,休旅車,柴油,"GLB 180 d 8G-DCT, Edition AMG Line",2019,2025,N/A
MERCEDES-BENZ,Amg Glb,休旅車,柴油,"GLB 200 d 4Matic 8G-DCT, AMG Line Advanced Plus",2019,2025,N/A
MERCEDES-BENZ,Amg Glb,休旅車,汽油,AMG GLB 35 4Matic AMG Speedshift DCT 8G,2019,2025,N/A
MERCEDES-BENZ,Amg Glb,休旅車,汽油,"AMG GLB 35 4Matic AMG Speedshift DCT 8G, AMG Line Advanced Plus",2019,2025,N/A
MERCEDES-BENZ,Amg Glb,休旅車,汽油,"GLB 180 7G-DCT, AMG Line Advanced Plus",2019,2025,N/A
MERCEDES-BENZ,Amg Glb,休旅車,汽油,"GLB 180 7G-DCT, Edition AMG Line",2019,2025,N/A
MERCEDES-BENZ,Amg Glb,休旅車,汽油,"GLB 200 7G-DCT, AMG Line Advanced Plus",2019,2025,N/A
MERCEDES-BENZ,Amg Glb,休旅車,汽油,"GLB 200 7G-DCT, Edition AMG Line",2019,2025,N/A
MERCEDES-BENZ,Amg Glb,休旅車,汽油,"GLB 220 4Matic 8G-DCT, AMG Line Advanced Plus",2019,2025,N/A
MERCEDES-BENZ,Amg Glb,休旅車,汽油,"GLB 220 4Matic 8G-DCT, Edition AMG Line",2019,2025,N/A
MERCEDES-BENZ,Amg Glb,休旅車,汽油,"GLB 250 4Matic 8G-DCT, AMG Line Advanced Plus",2019,2025,N/A
MERCEDES-BENZ,Amg Glb,休旅車,汽油,"GLB 250 4Matic 8G-DCT, Edition AMG Line",2019,2025,N/A
MERCEDES-BENZ,Amg Glc,休旅車,Diesel/Elektro-PlugIn,"GLC 300 de 4Matic 9G-TRONIC, AMG Line Advanced",2016,至今,N/A
MERCEDES-BENZ,Amg Glc,休旅車,Diesel/Elektro-PlugIn,"GLC 300 de 4Matic 9G-TRONIC, AMG Line Advanced seit 10/2024",2016,至今,N/A
MERCEDES-BENZ,Amg Glc,休旅車,Diesel/Elektro-PlugIn,"GLC 300 de 4Matic 9G-TRONIC, AMG Line Plus",2016,至今,N/A
MERCEDES-BENZ,Amg Glc,休旅車,插電式油電混合,"AMG GLC 63 S E Performance AMG Speedshift MCT9G, AMG Edition 1",2016,至今,N/A
MERCEDES-BENZ,Amg Glc,休旅車,插電式油電混合,"AMG GLC 63 S E Performance AMG Speedshift MCT9G, AMG Line Premium",2016,至今,N/A
MERCEDES-BENZ,Amg Glc,休旅車,插電式油電混合,"AMG GLC 63 S E Performance AMG Speedshift MCT9G, AMG Sondermodell",2016,至今,N/A
MERCEDES-BENZ,Amg Glc,休旅車,柴油,"GLC 200 d 4Matic 9G-TRONIC, AMG Line Advanced seit 10/2024",2016,至今,N/A
MERCEDES-BENZ,Amg Glc,休旅車,柴油,"GLC 200 d 4Matic 9G-TRONIC, AMG Line Plus",2016,至今,N/A
MERCEDES-BENZ,Amg Glc,休旅車,柴油,"GLC 200 d 4Matic 9G-TRONIC, Edition AMG Line seit 10/2024",2016,至今,N/A
MERCEDES-BENZ,Amg Glc,休旅車,汽油,AMG GLC 43 4Matic 9G-TRONIC,2016,至今,N/A
MERCEDES-BENZ,Amg Glc,休旅車,汽油,"AMG GLC 43 4Matic AMG SPEEDSHIFT MCT 9G, AMG Line Premium",2016,至今,N/A
MERCEDES-BENZ,Amg Glc,休旅車,汽油,"AMG GLC 43 4Matic AMG SPEEDSHIFT MCT 9G, AMG Sondermodell",2016,至今,N/A
MERCEDES-BENZ,Amg Glc,休旅車,汽油,AMG GLC 63 4Matic+ AMG Speedshift MCT,2016,至今,N/A
MERCEDES-BENZ,Amg Glc,休旅車,汽油,AMG GLC 63 4Matic+ AMG Speedshift MCT 9G,2016,至今,N/A
MERCEDES-BENZ,Amg Glc,休旅車,汽油,"AMG GLC 63 4Matic+ AMG Speedshift MCT, Edition 1",2016,至今,N/A
MERCEDES-BENZ,Amg Glc,休旅車,汽油,AMG GLC 63 S 4Matic+ AMG Speedshift MCT,2016,至今,N/A
MERCEDES-BENZ,Amg Glc,休旅車,汽油,AMG GLC 63 S 4Matic+ AMG Speedshift MCT 9G,2016,至今,N/A
MERCEDES-BENZ,Amg Glc,休旅車,汽油,"AMG GLC 63 S 4Matic+ AMG Speedshift MCT, Edition 1",2016,至今,N/A
MERCEDES-BENZ,Amg Glc,休旅車,汽油,AMG GLC Coupe 43 4Matic 9G-TRONIC,2016,至今,N/A
MERCEDES-BENZ,Amg Glc,休旅車,汽油,AMG GLC Coupe 43 4Matic AMG Speedshift TCT 9G,2016,至今,N/A
MERCEDES-BENZ,Amg Glc,休旅車,汽油,AMG GLC Coupe 63 4Matic+ AMG Speedshift MCT,2016,至今,N/A
MERCEDES-BENZ,Amg Glc,休旅車,汽油,AMG GLC Coupe 63 4Matic+ AMG Speedshift MCT 9G,2016,至今,N/A
MERCEDES-BENZ,Amg Glc,休旅車,汽油,"AMG GLC Coupe 63 4Matic+ AMG Speedshift MCT, Edition 1",2016,至今,N/A
MERCEDES-BENZ,Amg Glc,休旅車,汽油,AMG GLC Coupe 63 S 4Matic+ AMG Speedshift MCT,2016,至今,N/A
MERCEDES-BENZ,Amg Glc,休旅車,汽油,AMG GLC Coupe 63 S 4Matic+ AMG Speedshift MCT 9G,2016,至今,N/A
MERCEDES-BENZ,Amg Glc,休旅車,汽油,"AMG GLC Coupe 63 S 4Matic+ AMG Speedshift MCT, Edition 1",2016,至今,N/A
MERCEDES-BENZ,Amg Glc,休旅車,汽油,"AMG GLC-Coupe 43 4MATIC AMG Speedschift MCT 9G, AMG Line Premium",2016,至今,N/A
MERCEDES-BENZ,Amg Glc,休旅車,汽油,"AMG GLC-Coupe 43 4MATIC AMG Speedschift MCT 9G, AMG Sondermodell",2016,至今,N/A
MERCEDES-BENZ,Amg Glc,休旅車,汽油,"GLC 200 4Matic 9G-TRONIC, AMG Line Advanced seit 07/2022",2016,至今,N/A
MERCEDES-BENZ,Amg Glc,休旅車,汽油,"GLC 200 4Matic 9G-TRONIC, AMG Line Plus",2016,至今,N/A
MERCEDES-BENZ,Amg Glc,休旅車,汽油,"GLC 300 4Matic 9G-TRONIC, AMG Line Advanced seit 07/2022",2016,至今,N/A
MERCEDES-BENZ,Amg Glc,休旅車,汽油,"GLC 300 4Matic 9G-TRONIC, AMG Line Plus",2016,至今,N/A
MERCEDES-BENZ,Amg Glc,休旅車,汽油,"GLC-Coupe 200 4Matic 9G-TRONIC, AMG Line Advanced seit 04/2023",2016,至今,N/A
MERCEDES-BENZ,Amg Glc,休旅車,汽油,"GLC-Coupe 200 4Matic 9G-TRONIC, AMG Line Plus",2016,至今,N/A
MERCEDES-BENZ,Amg Glc,休旅車,汽油,"GLC-Coupe 200 4Matic 9G-TRONIC, Edition AMG Line seit 04/2024",2016,至今,N/A
MERCEDES-BENZ,Amg Glc,休旅車,汽油,"GLC-Coupe 300 4Matic 9G-TRONIC, AMG Line Advanced seit 04/2023",2016,至今,N/A
MERCEDES-BENZ,Amg Glc,休旅車,汽油,"GLC-Coupe 300 4Matic 9G-TRONIC, AMG Line Plus",2016,至今,N/A
MERCEDES-BENZ,Amg Glc,休旅車,汽油,"GLC-Coupe 300 4Matic 9G-TRONIC, Edition AMG Line seit 04/2024",2016,至今,N/A
MERCEDES-BENZ,Amg Gle,休旅車,Diesel/Elektro-PlugIn,"GLE 350 de 4Matic 9G-TRONIC, AMG Line Advanced Plus",2019,至今,N/A
MERCEDES-BENZ,Amg Gle,休旅車,Diesel/Elektro-PlugIn,"GLE-Coupe 350 de 4Matic 9G-TRONIC, AMG Line Advanced Plus",2019,至今,N/A
MERCEDES-BENZ,Amg Gle,休旅車,插電式油電混合,"AMG GLE-Coupe 53 Hybrid 4Matic+ AMG Speed. TCT 9G, AMG Line Premium",2019,至今,N/A
MERCEDES-BENZ,Amg Gle,休旅車,插電式油電混合,"GLE 400 e 4Matic 9G-TRONIC, AMG Line Advanced Plus",2019,至今,N/A
MERCEDES-BENZ,Amg Gle,休旅車,柴油,"GLE 300 d 4Matic 9G-TRONIC, AMG Line Advanced Plus",2019,至今,N/A
MERCEDES-BENZ,Amg Gle,休旅車,柴油,"GLE 450 d 4Matic 9G-TRONIC, AMG Line Advanced Plus",2019,至今,N/A
MERCEDES-BENZ,Amg Gle,休旅車,柴油,"GLE-Coupe 300 d 4Matic 9G-TRONIC, AMG Line Advanced Plus",2019,至今,N/A
MERCEDES-BENZ,Amg Gle,休旅車,汽油,AMG GLE 63 4Matic+ AMG Speedshift TCT 9G,2019,至今,N/A
MERCEDES-BENZ,Amg Gle,休旅車,汽油,"AMG GLE 63 4Matic+ AMG Speedshift TCT 9G, AMG Edition 55",2019,至今,N/A
MERCEDES-BENZ,Amg Gle,休旅車,汽油,AMG GLE 63 S 4Matic+ AMG Speedshift TCT 9G,2019,至今,N/A
MERCEDES-BENZ,Amg Gle,休旅車,汽油,"AMG GLE 63 S 4Matic+ AMG Speedshift TCT 9G, AMG Edition 55",2019,至今,N/A
MERCEDES-BENZ,Amg Gle,休旅車,汽油,AMG GLE-Coupe 53 4Matic AMG Speedshift TCT 9G,2019,至今,N/A
MERCEDES-BENZ,Amg Gle,休旅車,汽油,"AMG GLE-Coupe 53 4Matic AMG Speedshift TCT 9G, AMG Edition 55",2019,至今,N/A
MERCEDES-BENZ,Amg Gle,休旅車,汽油,"AMG GLE-Coupe 53 4Matic+ AMG Speedshift TCT 9G, AMG Line Premium",2019,至今,N/A
MERCEDES-BENZ,Amg Gle,休旅車,汽油,AMG GLE-Coupe 63 4Matic+ AMG Speedshift TCT 9G,2019,至今,N/A
MERCEDES-BENZ,Amg Gle,休旅車,汽油,"AMG GLE-Coupe 63 4Matic+ AMG Speedshift TCT 9G, AMG Edition 55",2019,至今,N/A
MERCEDES-BENZ,Amg Gle,休旅車,汽油,AMG GLE-Coupe 63 S 4Matic+ AMG Speedshift TCT 9G,2019,至今,N/A
MERCEDES-BENZ,Amg Gle,休旅車,汽油,"AMG GLE-Coupe 63 S 4Matic+ AMG Speedshift TCT 9G, AMG Edition 55",2019,至今,N/A
MERCEDES-BENZ,Amg Gle,休旅車,汽油,"AMG GLE-Coupe 63 S 4Matic+ AMG Speedshift TCT 9G, AMG Line Premium Plus",2019,至今,N/A
MERCEDES-BENZ,Amg Gle,休旅車,汽油,"GLE 450 4Matic 9G-TRONIC, AMG Line Advanced Plus",2019,至今,N/A
MERCEDES-BENZ,Amg Gle,休旅車,汽油,"GLE 580 4Matic 9G-TRONIC, AMG Line Premium",2019,至今,N/A
MERCEDES-BENZ,Amg Gle,休旅車,汽油,GLE AMG 53 4Matic+ AMG Speedshift TCT 9G,2019,至今,N/A
MERCEDES-BENZ,Amg Gle,休旅車,汽油,"GLE AMG 53 4Matic+ AMG Speedshift TCT 9G, AMG Edition 55",2019,至今,N/A
MERCEDES-BENZ,Amg Gle,休旅車,汽油,"GLE AMG 53 4Matic+ AMG Speedshift TCT 9G, AMG Line Advanced Plus",2019,至今,N/A
MERCEDES-BENZ,Amg Gle,休旅車,汽油,"GLE AMG 63 S 4Matic+ AMG Speedshift TCT 9G, AMG Line Premium",2019,至今,N/A
MERCEDES-BENZ,Amg Gt,雙門跑車,插電式油電混合,AMG GT 63 S E Perform. Coupe 2D AMG Speedsh.MCT 9G seit 05/2024,2023,至今,N/A
MERCEDES-BENZ,Amg Gt,雙門跑車,汽油,AMG GT 43 Coupe 2D AMG Speedshift MCT 9G seit 05/2024,2023,至今,N/A
MERCEDES-BENZ,Amg Gt,雙門跑車,汽油,AMG GT 55 4MATIC+ Coupe 2D AMG Speedshift MCT 9G seit 04/2024,2023,至今,N/A
MERCEDES-BENZ,Amg Gt,雙門跑車,汽油,AMG GT 63 4MATIC+ Coupe 2D AMG Speedshift MCT 9G seit 10/2023,2023,至今,N/A
MERCEDES-BENZ,Amg Gt,雙門跑車,汽油,AMG GT 63 PRO 4MATIC+ Coupe AMG Speedsh.MCT 9G seit 09/2024,2023,至今,N/A
MERCEDES-BENZ,Amg Gt 4 Tuerer,雙門跑車,插電式油電混合,AMG GT 63 S E Perform. Coupe 4D AMG Speedsh.MCT 9G,2018,至今,N/A
MERCEDES-BENZ,Amg Gt 4 Tuerer,雙門跑車,插電式油電混合,AMG GT 63 S E Perform. Coupe AMG Speedshift MCT 9G,2018,至今,N/A
MERCEDES-BENZ,Amg Gt 4 Tuerer,雙門跑車,汽油,AMG GT 43 4Matic+ Coupe 4D AMG Speedshift TCT 9G,2018,至今,N/A
MERCEDES-BENZ,Amg Gt 4 Tuerer,雙門跑車,汽油,AMG GT 43 4Matic+ Coupe AMG Speedshift TCT 9G,2018,至今,N/A
MERCEDES-BENZ,Amg Gt 4 Tuerer,雙門跑車,汽油,"AMG GT 43 4Matic+ Coupe AMG Speedshift TCT 9G, AMG Sonderedition",2018,至今,N/A
MERCEDES-BENZ,Amg Gt 4 Tuerer,雙門跑車,汽油,AMG GT 43 Coupe AMG Speedshift TCT 9G,2018,至今,N/A
MERCEDES-BENZ,Amg Gt 4 Tuerer,雙門跑車,汽油,"AMG GT 43 Coupe AMG Speedshift TCT 9G, AMG Sonderedition",2018,至今,N/A
MERCEDES-BENZ,Amg Gt 4 Tuerer,雙門跑車,汽油,AMG GT 53 4Matic+ Coupe 4D AMG Speedshift TCT 9G,2018,至今,N/A
MERCEDES-BENZ,Amg Gt 4 Tuerer,雙門跑車,汽油,AMG GT 53 4Matic+ Coupe AMG Speedshift TCT 9G,2018,至今,N/A
MERCEDES-BENZ,Amg Gt 4 Tuerer,雙門跑車,汽油,"AMG GT 53 4Matic+ Coupe AMG Speedshift TCT 9G, AMG Sonderedition",2018,至今,N/A
MERCEDES-BENZ,Amg Gt 4 Tuerer,雙門跑車,汽油,AMG GT 63 4Matic Coupe AMG Speedshift MCT 9G,2018,至今,N/A
MERCEDES-BENZ,Amg Gt 4 Tuerer,雙門跑車,汽油,AMG GT 63 4Matic+ Coupe AMG Speedshift MCT 9G,2018,至今,N/A
MERCEDES-BENZ,Amg Gt 4 Tuerer,雙門跑車,汽油,"AMG GT 63 4Matic+ Coupe AMG Speedshift MCT 9G, AMG Sonderedition Rubellitrot",2018,至今,N/A
MERCEDES-BENZ,Amg Gt 4 Tuerer,雙門跑車,汽油,"AMG GT 63 4Matic+ Coupe AMG Speedshift MCT 9G, AMG Sonderedition green hell magno",2018,至今,N/A
MERCEDES-BENZ,Amg Gt 4 Tuerer,雙門跑車,汽油,AMG GT 63 S 4Matic Coupe AMG Speedshift MCT 9G,2018,至今,N/A
MERCEDES-BENZ,Amg Gt 4 Tuerer,雙門跑車,汽油,"AMG GT 63 S 4Matic Coupe AMG Speedshift MCT 9G, Edition 1",2018,至今,N/A
MERCEDES-BENZ,Amg Gt 4 Tuerer,雙門跑車,汽油,AMG GT 63 S 4Matic+ Coupe AMG Speedshift MCT 9G,2018,至今,N/A
MERCEDES-BENZ,Amg Gt 4 Tuerer,雙門跑車,汽油,"AMG GT 63 S 4Matic+ Coupe AMG Speedshift MCT 9G, AMG Sonderedition Rubellitrot",2018,至今,N/A
MERCEDES-BENZ,Amg Gt 4 Tuerer,雙門跑車,汽油,"AMG GT 63 S 4Matic+ Coupe AMG Speedshift MCT 9G, AMG Sonderedition green hell magno",2018,至今,N/A
MERCEDES-BENZ,Amg Gt 4 Tuerer,雙門跑車,電力,AMG GT 55 4-Türer Coupe seit 05/2026,2018,至今,N/A
MERCEDES-BENZ,Amg Gt 4 Tuerer,雙門跑車,電力,AMG GT 63 4-Türer Coupe seit 05/2026,2018,至今,N/A
MERCEDES-BENZ,Amg Sl,敞篷跑車,插電式油電混合,AMG SL 63 E Performance + AMG SPEEDSHIFT MCT 9G seit 03/2024,2022,至今,N/A
MERCEDES-BENZ,Amg Sl,敞篷跑車,汽油,AMG SL 43  AMG SPEEDSHIFT MCT 9G,2022,至今,N/A
MERCEDES-BENZ,Amg Sl,敞篷跑車,汽油,AMG SL 43  AMG SPEEDSHIFT MCT 9G seit 05/2024,2022,至今,N/A
MERCEDES-BENZ,Amg Sl,敞篷跑車,汽油,AMG SL 55 4Matic+ AMG SPEEDSHIFT MCT 9G seit 04/2023,2022,至今,N/A
MERCEDES-BENZ,Amg Sl,敞篷跑車,汽油,AMG SL 63 4Matic+ AMG SPEEDSHIFT MCT 9G seit 03/2022,2022,至今,N/A
MERCEDES-BENZ,Amg Sl,敞篷跑車,汽油,"Maybach SL 680 SPEEDSHIFT MCT 9G, Monogram Series seit 12/2024",2022,至今,N/A
MERCEDES-BENZ,B Klasse,廂型車,插電式油電混合,B 250 e 8G-DCT,2018,2025,N/A
MERCEDES-BENZ,B Klasse,廂型車,插電式油電混合,"B 250 e 8G-DCT, AMG Line",2018,2025,N/A
MERCEDES-BENZ,B Klasse,廂型車,插電式油電混合,"B 250 e 8G-DCT, AMG Line Advanced Plus",2018,2025,N/A
MERCEDES-BENZ,B Klasse,廂型車,柴油,B 160 d,2018,2025,N/A
MERCEDES-BENZ,B Klasse,廂型車,柴油,"B 160 d, AMG Line",2018,2025,N/A
MERCEDES-BENZ,B Klasse,廂型車,柴油,"B 160 d, Edition 19",2018,2025,N/A
MERCEDES-BENZ,B Klasse,廂型車,汽油,B 160,2018,2025,N/A
MERCEDES-BENZ,B Klasse,廂型車,汽油,"B 160, AMG Line",2018,2025,N/A
MERCEDES-BENZ,B Klasse,廂型車,汽油,"B 160, Edition 19",2018,2025,N/A
MERCEDES-BENZ,B Klasse,廂型車,汽油,"B 160, Edition 2020",2018,2025,N/A
MERCEDES-BENZ,B Klasse,廂型車,汽油,"B 160, Edition 2021",2018,2025,N/A
MERCEDES-BENZ,B Klasse,廂型車,汽油,"B 160, Progressive",2018,2025,N/A
MERCEDES-BENZ,B Klasse,廂型車,汽油,"B 160, Style",2018,2025,N/A
MERCEDES-BENZ,B Klasse,廂型車,汽油,B 180,2018,2025,N/A
MERCEDES-BENZ,B Klasse,廂型車,汽油,B 180 7G-DCT,2018,2025,N/A
MERCEDES-BENZ,B Klasse,廂型車,汽油,"B 180 7G-DCT, AMG Line",2018,2025,N/A
MERCEDES-BENZ,B Klasse,廂型車,汽油,"B 180 7G-DCT, AMG Line Advanced Plus",2018,2025,N/A
MERCEDES-BENZ,B Klasse,廂型車,汽油,"B 180 7G-DCT, Edition 19",2018,2025,N/A
MERCEDES-BENZ,B Klasse,廂型車,汽油,"B 180 7G-DCT, Edition 2020",2018,2025,N/A
MERCEDES-BENZ,B Klasse,廂型車,汽油,"B 180 7G-DCT, Edition 2021",2018,2025,N/A
MERCEDES-BENZ,B Klasse,廂型車,汽油,"B 180 7G-DCT, Entry",2018,2025,N/A
MERCEDES-BENZ,B Klasse,廂型車,汽油,"B 180 7G-DCT, Progressive",2018,2025,N/A
MERCEDES-BENZ,B Klasse,廂型車,汽油,"B 180 7G-DCT, Progressive Advanced",2018,2025,N/A
MERCEDES-BENZ,B Klasse,廂型車,汽油,"B 180 7G-DCT, Style",2018,2025,N/A
MERCEDES-BENZ,B Klasse,廂型車,汽油,"B 180, AMG Line",2018,2025,N/A
MERCEDES-BENZ,B Klasse,廂型車,汽油,"B 180, Edition 19",2018,2025,N/A
MERCEDES-BENZ,B Klasse,廂型車,汽油,"B 180, Edition 2020",2018,2025,N/A
MERCEDES-BENZ,B Klasse,廂型車,汽油,"B 180, Edition 2021",2018,2025,N/A
MERCEDES-BENZ,B Klasse,廂型車,汽油,"B 180, Progressive",2018,2025,N/A
MERCEDES-BENZ,B Klasse,廂型車,汽油,"B 180, Style",2018,2025,N/A
MERCEDES-BENZ,B Klasse,廂型車,汽油,B 200,2018,2025,N/A
MERCEDES-BENZ,B Klasse,廂型車,汽油,B 200 4Matic 8G-DCT,2018,2025,N/A
MERCEDES-BENZ,B Klasse,廂型車,汽油,"B 200 4Matic 8G-DCT, AMG Line",2018,2025,N/A
MERCEDES-BENZ,B Klasse,廂型車,汽油,"B 200 4Matic 8G-DCT, Edition 2020",2018,2025,N/A
MERCEDES-BENZ,B Klasse,廂型車,汽油,"B 200 4Matic 8G-DCT, Edition 2021",2018,2025,N/A
MERCEDES-BENZ,B Klasse,廂型車,汽油,"B 200 4Matic 8G-DCT, Progressive",2018,2025,N/A
MERCEDES-BENZ,B Klasse,廂型車,汽油,"B 200 4Matic 8G-DCT, Style",2018,2025,N/A
MERCEDES-BENZ,B Klasse,廂型車,汽油,B 200 7G-DCT,2018,2025,N/A
MERCEDES-BENZ,B Klasse,廂型車,汽油,"B 200 7G-DCT, AMG Line",2018,2025,N/A
MERCEDES-BENZ,B Klasse,廂型車,汽油,"B 200 7G-DCT, AMG Line Advanced Plus",2018,2025,N/A
MERCEDES-BENZ,B Klasse,廂型車,汽油,"B 200 7G-DCT, Edition 19",2018,2025,N/A
MERCEDES-BENZ,B Klasse,廂型車,汽油,"B 200 7G-DCT, Edition 2020",2018,2025,N/A
MERCEDES-BENZ,B Klasse,廂型車,汽油,"B 200 7G-DCT, Edition 2021",2018,2025,N/A
MERCEDES-BENZ,B Klasse,廂型車,汽油,"B 200 7G-DCT, Entry",2018,2025,N/A
MERCEDES-BENZ,B Klasse,廂型車,汽油,"B 200 7G-DCT, Progressive",2018,2025,N/A
MERCEDES-BENZ,B Klasse,廂型車,汽油,"B 200 7G-DCT, Progressive Advanced",2018,2025,N/A
MERCEDES-BENZ,B Klasse,廂型車,汽油,"B 200 7G-DCT, Style",2018,2025,N/A
MERCEDES-BENZ,B Klasse,廂型車,汽油,"B 200, AMG Line",2018,2025,N/A
MERCEDES-BENZ,B Klasse,廂型車,汽油,"B 200, Edition 19",2018,2025,N/A
MERCEDES-BENZ,B Klasse,廂型車,汽油,"B 200, Edition 2020",2018,2025,N/A
MERCEDES-BENZ,B Klasse,廂型車,汽油,"B 200, Edition 2021",2018,2025,N/A
MERCEDES-BENZ,B Klasse,廂型車,汽油,"B 200, Progressive",2018,2025,N/A
MERCEDES-BENZ,B Klasse,廂型車,汽油,"B 200, Style",2018,2025,N/A
MERCEDES-BENZ,B Klasse,廂型車,汽油,B 220 4Matic 7G-DCT,2018,2025,N/A
MERCEDES-BENZ,B Klasse,廂型車,汽油,"B 220 4Matic 7G-DCT, AMG Line",2018,2025,N/A
MERCEDES-BENZ,B Klasse,廂型車,汽油,"B 220 4Matic 7G-DCT, Edition 19",2018,2025,N/A
MERCEDES-BENZ,B Klasse,廂型車,汽油,"B 220 4Matic 7G-DCT, Edition 2020",2018,2025,N/A
MERCEDES-BENZ,B Klasse,廂型車,汽油,"B 220 4Matic 7G-DCT, Progressive",2018,2025,N/A
MERCEDES-BENZ,B Klasse,廂型車,汽油,"B 220 4Matic 7G-DCT, Style",2018,2025,N/A
MERCEDES-BENZ,B Klasse,廂型車,汽油,"B 220 4Matic 8G-DCT, AMG Line Advanced Plus",2018,2025,N/A
MERCEDES-BENZ,B Klasse,廂型車,汽油,"B 220 4Matic 8G-DCT, Entry",2018,2025,N/A
MERCEDES-BENZ,B Klasse,廂型車,汽油,"B 220 4Matic 8G-DCT, Progressive Advanced",2018,2025,N/A
MERCEDES-BENZ,B Klasse,廂型車,汽油,B 220 7G-DCT,2018,2025,N/A
MERCEDES-BENZ,B Klasse,廂型車,汽油,"B 220 7G-DCT, AMG Line",2018,2025,N/A
MERCEDES-BENZ,B Klasse,廂型車,汽油,"B 220 7G-DCT, Edition 19",2018,2025,N/A
MERCEDES-BENZ,B Klasse,廂型車,汽油,"B 220 7G-DCT, Progressive",2018,2025,N/A
MERCEDES-BENZ,B Klasse,廂型車,汽油,"B 220 7G-DCT, Style",2018,2025,N/A
MERCEDES-BENZ,B Klasse,廂型車,汽油,B 250 4Matic 7G-DCT,2018,2025,N/A
MERCEDES-BENZ,B Klasse,廂型車,汽油,"B 250 4Matic 7G-DCT, AMG Line",2018,2025,N/A
MERCEDES-BENZ,B Klasse,廂型車,汽油,"B 250 4Matic 7G-DCT, Edition 19",2018,2025,N/A
MERCEDES-BENZ,B Klasse,廂型車,汽油,"B 250 4Matic 7G-DCT, Edition 2020",2018,2025,N/A
MERCEDES-BENZ,B Klasse,廂型車,汽油,"B 250 4Matic 7G-DCT, Edition 2021",2018,2025,N/A
MERCEDES-BENZ,B Klasse,廂型車,汽油,"B 250 4Matic 7G-DCT, Progressive",2018,2025,N/A
MERCEDES-BENZ,B Klasse,廂型車,汽油,"B 250 4Matic 7G-DCT, Style",2018,2025,N/A
MERCEDES-BENZ,B Klasse,廂型車,汽油,"B 250 4Matic 8G-DCT, AMG Line Advanced Plus",2018,2025,N/A
MERCEDES-BENZ,B Klasse,廂型車,汽油,"B 250 4Matic 8G-DCT, Progressive Advanced",2018,2025,N/A
MERCEDES-BENZ,B Klasse,廂型車,汽油,B 250 7G-DCT,2018,2025,N/A
MERCEDES-BENZ,B Klasse,廂型車,汽油,"B 250 7G-DCT, AMG Line",2018,2025,N/A
MERCEDES-BENZ,B Klasse,廂型車,汽油,"B 250 7G-DCT, Edition 19",2018,2025,N/A
MERCEDES-BENZ,B Klasse,廂型車,汽油,"B 250 7G-DCT, Edition 2020",2018,2025,N/A
MERCEDES-BENZ,B Klasse,廂型車,汽油,"B 250 7G-DCT, Edition 2021",2018,2025,N/A
MERCEDES-BENZ,B Klasse,廂型車,汽油,"B 250 7G-DCT, Progressive",2018,2025,N/A
MERCEDES-BENZ,B Klasse,廂型車,汽油,"B 250 7G-DCT, Style",2018,2025,N/A
MERCEDES-BENZ,B Klasse Electric Drive,廂型車,電力,B (Electric Drive) 250 e,2014,2017,N/A
MERCEDES-BENZ,B Klasse Electric Drive,廂型車,電力,"B (Electric Drive) 250 e, Electric Art",2014,2017,N/A
MERCEDES-BENZ,B Klasse Electric Drive,廂型車,電力,"B (Electric Drive) 250 e, Style",2014,2017,N/A
MERCEDES-BENZ,B Klasse Electric Drive,廂型車,電力,"B (Electric Drive) 250 e, Urban",2014,2017,N/A
MERCEDES-BENZ,C 450 Amg,旅行車,汽油,C 450 AMG 4Matic T 7G-TRONIC,2015,2016,N/A
MERCEDES-BENZ,C Klasse,精選型,Diesel/Elektro-PlugIn,C 300 de 4Matic T 9G-TRONIC,2021,至今,N/A
MERCEDES-BENZ,C Klasse,精選型,Diesel/Elektro-PlugIn,"C 300 de 4Matic T 9G-TRONIC, AMG Line",2021,至今,N/A
MERCEDES-BENZ,C Klasse,精選型,Diesel/Elektro-PlugIn,"C 300 de 4Matic T 9G-TRONIC, AMG Line Advanced",2021,至今,N/A
MERCEDES-BENZ,C Klasse,精選型,插電式油電混合,C 300 e T 9G-TRONIC,2021,至今,N/A
MERCEDES-BENZ,C Klasse,精選型,插電式油電混合,"C 300 e T 9G-TRONIC, AMG Line",2021,至今,N/A
MERCEDES-BENZ,C Klasse,精選型,插電式油電混合,"C 300 e T 9G-TRONIC, AMG Line Advanced",2021,至今,N/A
MERCEDES-BENZ,C Klasse,精選型,柴油,C 200 d T 9G-TRONIC,2021,至今,N/A
MERCEDES-BENZ,C Klasse,精選型,柴油,"C 200 d T 9G-TRONIC, AMG Line",2021,至今,N/A
MERCEDES-BENZ,C Klasse,精選型,柴油,"C 200 d T 9G-TRONIC, AMG Line Advanced",2021,至今,N/A
MERCEDES-BENZ,C Klasse,精選型,汽油,C 180 T 9G-TRONIC,2021,至今,N/A
MERCEDES-BENZ,C Klasse,精選型,汽油,"C 180 T 9G-TRONIC, AMG Line",2021,至今,N/A
MERCEDES-BENZ,C Klasse,精選型,汽油,"C 180 T 9G-TRONIC, AMG Line Advanced",2021,至今,N/A
MERCEDES-BENZ,C Klasse,精選型,汽油,"C 180 T 9G-TRONIC, Avantgarde",2021,至今,N/A
MERCEDES-BENZ,C Klasse,精選型,汽油,"C 180 T 9G-TRONIC, Avantgarde Advanced",2021,至今,N/A
MERCEDES-BENZ,C Klasse,精選型,汽油,"C 180 T 9G-TRONIC, Edition AMG Line",2021,至今,N/A
MERCEDES-BENZ,C Klasse,精選型,汽油,"C 180 T 9G-TRONIC, Edition Avantgarde",2021,至今,N/A
MERCEDES-BENZ,C Klasse,精選型,汽油,"C 180 T 9G-TRONIC, Entry",2021,至今,N/A
MERCEDES-BENZ,C Klasse,精選型,汽油,C 200 4Matic T 9G-TRONIC,2021,至今,N/A
MERCEDES-BENZ,C Klasse,精選型,汽油,"C 200 4Matic T 9G-TRONIC, AMG Line",2021,至今,N/A
MERCEDES-BENZ,C Klasse,精選型,汽油,"C 200 4Matic T 9G-TRONIC, AMG Line Advanced",2021,至今,N/A
MERCEDES-BENZ,C Klasse,精選型,汽油,"C 200 4Matic T 9G-TRONIC, Avantgarde",2021,至今,N/A
MERCEDES-BENZ,C Klasse,精選型,汽油,"C 200 4Matic T 9G-TRONIC, Avantgarde Advanced",2021,至今,N/A
MERCEDES-BENZ,C Klasse,精選型,汽油,"C 200 4Matic T 9G-TRONIC, Edition AMG Line",2021,至今,N/A
MERCEDES-BENZ,C Klasse,精選型,汽油,"C 200 4Matic T 9G-TRONIC, Edition Avantgarde",2021,至今,N/A
MERCEDES-BENZ,C Klasse,精選型,汽油,"C 200 4Matic T 9G-TRONIC, Entry",2021,至今,N/A
MERCEDES-BENZ,C Klasse,精選型,汽油,"C 200 4Matic T All-Terrain 9G-TRONIC, Avantgarde",2021,至今,N/A
MERCEDES-BENZ,C Klasse,精選型,汽油,"C 200 4Matic T All-Terrain 9G-TRONIC, Avantgarde Advanced",2021,至今,N/A
MERCEDES-BENZ,C Klasse,精選型,汽油,"C 200 4Matic T All-Terrain 9G-TRONIC, Edition Avantgarde",2021,至今,N/A
MERCEDES-BENZ,C Klasse,精選型,汽油,C 200 T 9G-TRONIC,2021,至今,N/A
MERCEDES-BENZ,C Klasse,精選型,汽油,"C 200 T 9G-TRONIC, AMG Line",2021,至今,N/A
MERCEDES-BENZ,C Klasse,精選型,汽油,"C 200 T 9G-TRONIC, AMG Line Advanced",2021,至今,N/A
MERCEDES-BENZ,C Klasse,精選型,汽油,"C 200 T 9G-TRONIC, Avantgarde",2021,至今,N/A
MERCEDES-BENZ,C Klasse,精選型,汽油,"C 200 T 9G-TRONIC, Avantgarde Advanced",2021,至今,N/A
MERCEDES-BENZ,C Klasse,精選型,汽油,"C 200 T 9G-TRONIC, Edition AMG Line",2021,至今,N/A
MERCEDES-BENZ,C Klasse,精選型,汽油,"C 200 T 9G-TRONIC, Edition Avantgarde",2021,至今,N/A
MERCEDES-BENZ,C Klasse,精選型,汽油,"C 200 T 9G-TRONIC, Entry",2021,至今,N/A
MERCEDES-BENZ,C Klasse,精選型,汽油,C 300 4Matic T 9G-TRONIC,2021,至今,N/A
MERCEDES-BENZ,C Klasse,精選型,汽油,"C 300 4Matic T 9G-TRONIC, AMG Line",2021,至今,N/A
MERCEDES-BENZ,C Klasse,精選型,汽油,"C 300 4Matic T 9G-TRONIC, AMG Line Advanced",2021,至今,N/A
MERCEDES-BENZ,C Klasse,精選型,汽油,"C 300 4Matic T 9G-TRONIC, Avantgarde",2021,至今,N/A
MERCEDES-BENZ,C Klasse,精選型,汽油,"C 300 4Matic T 9G-TRONIC, Avantgarde Advanced",2021,至今,N/A
MERCEDES-BENZ,C Klasse,精選型,汽油,"C 300 4Matic T 9G-TRONIC, Edition AMG Line",2021,至今,N/A
MERCEDES-BENZ,C Klasse,精選型,汽油,"C 300 4Matic T 9G-TRONIC, Edition Avantgarde",2021,至今,N/A
MERCEDES-BENZ,C Klasse,精選型,汽油,C 300 T 9G-TRONIC,2021,至今,N/A
MERCEDES-BENZ,C Klasse,精選型,汽油,"C 300 T 9G-TRONIC, AMG Line",2021,至今,N/A
MERCEDES-BENZ,C Klasse,精選型,汽油,"C 300 T 9G-TRONIC, AMG Line Advanced",2021,至今,N/A
MERCEDES-BENZ,C Klasse,精選型,汽油,"C 300 T 9G-TRONIC, Avantgarde",2021,至今,N/A
MERCEDES-BENZ,C Klasse,精選型,汽油,"C 300 T 9G-TRONIC, Avantgarde Advanced",2021,至今,N/A
MERCEDES-BENZ,C Klasse,精選型,汽油,"C 300 T 9G-TRONIC, Edition AMG Line",2021,至今,N/A
MERCEDES-BENZ,C Klasse,精選型,汽油,"C 300 T 9G-TRONIC, Edition Avantgarde",2021,至今,N/A
MERCEDES-BENZ,Citan,旅行車,柴油,Citan 108 CDI BlueEFFICIENCY kompakt,2012,2021,N/A
MERCEDES-BENZ,Citan,旅行車,柴油,Citan 108 CDI BlueEFFICIENCY lang,2012,2021,N/A
MERCEDES-BENZ,Citan,旅行車,柴油,Citan 108 CDI kompakt,2012,2021,N/A
MERCEDES-BENZ,Citan,旅行車,柴油,"Citan 108 CDI kompakt, WORKER",2012,2021,N/A
MERCEDES-BENZ,Citan,旅行車,柴油,Citan 108 CDI lang,2012,2021,N/A
MERCEDES-BENZ,Citan,旅行車,柴油,"Citan 108 CDI lang, PLUS",2012,2021,N/A
MERCEDES-BENZ,Citan,旅行車,柴油,"Citan 108 CDI lang, WORKER",2012,2021,N/A
MERCEDES-BENZ,Citan,旅行車,柴油,"Citan 108 CDI lang, WORKER Plus",2012,2021,N/A
MERCEDES-BENZ,Citan,旅行車,柴油,Citan 109 CDI BlueEFFICIENCY extralang,2012,2021,N/A
MERCEDES-BENZ,Citan,旅行車,柴油,Citan 109 CDI BlueEFFICIENCY kompakt,2012,2021,N/A
MERCEDES-BENZ,Citan,旅行車,柴油,Citan 109 CDI BlueEFFICIENCY lang,2012,2021,N/A
MERCEDES-BENZ,Citan,旅行車,柴油,Citan 109 CDI Mixto BlueEFFICIENCY extralang,2012,2021,N/A
MERCEDES-BENZ,Citan,旅行車,柴油,Citan 109 CDI Mixto extralang,2012,2021,N/A
MERCEDES-BENZ,Citan,旅行車,柴油,Citan 109 CDI extralang,2012,2021,N/A
MERCEDES-BENZ,Citan,旅行車,柴油,Citan 109 CDI kompakt,2012,2021,N/A
MERCEDES-BENZ,Citan,旅行車,柴油,Citan 109 CDI lang,2012,2021,N/A
MERCEDES-BENZ,Citan,旅行車,柴油,"Citan 109 CDI lang, PLUS",2012,2021,N/A
MERCEDES-BENZ,Citan,旅行車,柴油,Citan 111 CDI BlueEFFICIENCY extralang,2012,2021,N/A
MERCEDES-BENZ,Citan,旅行車,柴油,Citan 111 CDI BlueEFFICIENCY lang,2012,2021,N/A
MERCEDES-BENZ,Citan,旅行車,柴油,Citan 111 CDI Mixto BlueEFFICIENCY extralang,2012,2021,N/A
MERCEDES-BENZ,Citan,旅行車,柴油,Citan 111 CDI Mixto extralang,2012,2021,N/A
MERCEDES-BENZ,Citan,旅行車,柴油,Citan 111 CDI extralang,2012,2021,N/A
MERCEDES-BENZ,Citan,旅行車,柴油,Citan 111 CDI lang,2012,2021,N/A
MERCEDES-BENZ,Citan,旅行車,柴油,"Citan 111 CDI lang, PLUS",2012,2021,N/A
MERCEDES-BENZ,Citan,旅行車,汽油,Citan 112 lang Start & Stop,2012,2021,N/A
MERCEDES-BENZ,Citan,旅行車,汽油,Citan 112 lang Start & Stop 6G-DCT,2012,2021,N/A
MERCEDES-BENZ,Cla,旅行車,汽油,CLA 180 Shooting Brake seit 03/2026,2025,至今,N/A
MERCEDES-BENZ,Cla,旅行車,汽油,CLA 200 4Matic Shooting Brake seit 03/2026,2025,至今,N/A
MERCEDES-BENZ,Cla,旅行車,汽油,CLA 200 Shooting Brake seit 03/2026,2025,至今,N/A
MERCEDES-BENZ,Cla,旅行車,汽油,CLA 220 4Matic Shooting Brake seit 03/2026,2025,至今,N/A
MERCEDES-BENZ,Cla,旅行車,汽油,CLA 220 Shooting Brake seit 03/2026,2025,至今,N/A
MERCEDES-BENZ,Cla,旅行車,電力,CLA 200 EQ Shooting Brake,2025,至今,N/A
MERCEDES-BENZ,Cla,旅行車,電力,CLA 200 Shooting Brake elektrisch ab 07/2026,2025,至今,N/A
MERCEDES-BENZ,Cla,旅行車,電力,"CLA 250 Shooting Brake + mit EQ Technologie, Edition seit 11/2025",2025,至今,N/A
MERCEDES-BENZ,Clc Klasse,雙門跑車,柴油,CLC 200 CDI DPF,2000,2014,N/A
MERCEDES-BENZ,Clc Klasse,雙門跑車,柴油,CLC 200 CDI DPF Automatik,2000,2014,N/A
MERCEDES-BENZ,Clc Klasse,雙門跑車,柴油,"CLC 200 CDI DPF, Special Edition",2000,2014,N/A
MERCEDES-BENZ,Clc Klasse,雙門跑車,汽油,CLC 160 BlueEFFICIENCY,2000,2014,N/A
MERCEDES-BENZ,Clc Klasse,雙門跑車,汽油,CLC 160 BlueEFFICIENCY Automatik,2000,2014,N/A
MERCEDES-BENZ,Clc Klasse,雙門跑車,汽油,"CLC 160 BlueEFFICIENCY Automatik, Special Edition",2000,2014,N/A
MERCEDES-BENZ,Clc Klasse,雙門跑車,汽油,"CLC 160 BlueEFFICIENCY, Special Edition",2000,2014,N/A
MERCEDES-BENZ,Clc Klasse,雙門跑車,汽油,CLC 180 Kompressor,2000,2014,N/A
MERCEDES-BENZ,Clc Klasse,雙門跑車,汽油,CLC 180 Kompressor Automatik,2000,2014,N/A
MERCEDES-BENZ,Clc Klasse,雙門跑車,汽油,"CLC 180 Kompressor Automatik, Special Edition",2000,2014,N/A
MERCEDES-BENZ,Clc Klasse,雙門跑車,汽油,"CLC 180 Kompressor, Special Edition",2000,2014,N/A
MERCEDES-BENZ,Clc Klasse,雙門跑車,汽油,CLC 200 Kompressor,2000,2014,N/A
MERCEDES-BENZ,Clc Klasse,雙門跑車,汽油,CLC 200 Kompressor Automatik,2000,2014,N/A
MERCEDES-BENZ,Clc Klasse,雙門跑車,汽油,"CLC 200 Kompressor Automatik, Special Edition",2000,2014,N/A
MERCEDES-BENZ,Clc Klasse,雙門跑車,汽油,"CLC 200 Kompressor, Special Edition",2000,2014,N/A
MERCEDES-BENZ,Clc Klasse,雙門跑車,汽油,CLC 230,2000,2014,N/A
MERCEDES-BENZ,Clc Klasse,雙門跑車,汽油,CLC 230 7G-TRONIC,2000,2014,N/A
MERCEDES-BENZ,Clc Klasse,雙門跑車,汽油,CLC 250,2000,2014,N/A
MERCEDES-BENZ,Clc Klasse,雙門跑車,汽油,CLC 250 7G-TRONIC,2000,2014,N/A
MERCEDES-BENZ,Clc Klasse,雙門跑車,汽油,"CLC 250 7G-TRONIC, Special Edition",2000,2014,N/A
MERCEDES-BENZ,Clc Klasse,雙門跑車,汽油,"CLC 250, Special Edition",2000,2014,N/A
MERCEDES-BENZ,Clc Klasse,雙門跑車,汽油,CLC 350,2000,2014,N/A
MERCEDES-BENZ,Clc Klasse,雙門跑車,汽油,CLC 350 7G-TRONIC,2000,2014,N/A
MERCEDES-BENZ,Clc Klasse,雙門跑車,汽油,"CLC 350 7G-TRONIC, Special Edition",2000,2014,N/A
MERCEDES-BENZ,Clc Klasse,雙門跑車,汽油,"CLC 350, Special Edition",2000,2014,N/A
MERCEDES-BENZ,Cle,雙門跑車,柴油,CLE 220 d Cabrio 9G-TRONIC seit 02/2024,2023,至今,N/A
MERCEDES-BENZ,Cle,雙門跑車,柴油,"CLE 220 d Cabrio 9G-TRONIC, Edition AMG Line seit 10/2024",2023,至今,N/A
MERCEDES-BENZ,Cle,雙門跑車,柴油,"CLE 220 d Cabrio 9G-TRONIC, Edition AVANTGARDE seit 10/2024",2023,至今,N/A
MERCEDES-BENZ,Cle,雙門跑車,汽油,CLE 180 Cabrio 9G-TRONIC seit 07/2024,2023,至今,N/A
MERCEDES-BENZ,Cle,雙門跑車,汽油,"CLE 180 Cabrio 9G-TRONIC, Edition AMG Line seit 10/2024",2023,至今,N/A
MERCEDES-BENZ,Cle,雙門跑車,汽油,"CLE 180 Cabrio 9G-TRONIC, Edition AVANTGARDE seit 10/2024",2023,至今,N/A
MERCEDES-BENZ,Cle,雙門跑車,汽油,CLE 200 4Matic Cabrio 9G-TRONIC seit 02/2024,2023,至今,N/A
MERCEDES-BENZ,Cle,雙門跑車,汽油,"CLE 200 4Matic Cabrio 9G-TRONIC, Edition AMG Line seit 10/2024",2023,至今,N/A
MERCEDES-BENZ,Cle,雙門跑車,汽油,"CLE 200 4Matic Cabrio 9G-TRONIC, Edition AVANTGARDE seit 10/2024",2023,至今,N/A
MERCEDES-BENZ,Cle,雙門跑車,汽油,CLE 200 Cabrio 9G-TRONIC seit 02/2024,2023,至今,N/A
MERCEDES-BENZ,Cle,雙門跑車,汽油,"CLE 200 Cabrio 9G-TRONIC, Edition AMG Line seit 10/2024",2023,至今,N/A
MERCEDES-BENZ,Cle,雙門跑車,汽油,"CLE 200 Cabrio 9G-TRONIC, Edition AVANTGARDE seit 10/2024",2023,至今,N/A
MERCEDES-BENZ,Cle,雙門跑車,汽油,CLE 300 4Matic Cabrio 9G-TRONIC seit 02/2024,2023,至今,N/A
MERCEDES-BENZ,Cle,雙門跑車,汽油,"CLE 300 4Matic Cabrio 9G-TRONIC, Edition AMG Line seit 10/2024",2023,至今,N/A
MERCEDES-BENZ,Cle,雙門跑車,汽油,CLE 450 4Matic Cabrio 9G-TRONIC seit 02/2024,2023,至今,N/A
MERCEDES-BENZ,Cle,雙門跑車,汽油,"CLE 450 4Matic Cabrio 9G-TRONIC, Edition AMG Line seit 10/2024",2023,至今,N/A
MERCEDES-BENZ,Clk Klasse,雙門跑車,柴油,"CLK Cabrio 320 CDI, Avantgarde DPF",2002,2009,N/A
MERCEDES-BENZ,Clk Klasse,雙門跑車,柴油,"CLK Cabrio 320 CDI, Avantgarde DPF Sport Edition",2002,2009,N/A
MERCEDES-BENZ,Clk Klasse,雙門跑車,柴油,"CLK Cabrio 320 CDI, Avantgarde Grand Edition DPF",2002,2009,N/A
MERCEDES-BENZ,Clk Klasse,雙門跑車,汽油,"CLK Cabrio 200 Kompressor Automatik, Avantgarde",2002,2009,N/A
MERCEDES-BENZ,Clk Klasse,雙門跑車,汽油,"CLK Cabrio 200 Kompressor Automatik, Avantgarde Grand Edition",2002,2009,N/A
MERCEDES-BENZ,Clk Klasse,雙門跑車,汽油,"CLK Cabrio 200 Kompressor Automatik, Avantgarde Sport Edition",2002,2009,N/A
MERCEDES-BENZ,Clk Klasse,雙門跑車,汽油,"CLK Cabrio 200 Kompressor Automatik, Elegance",2002,2009,N/A
MERCEDES-BENZ,Clk Klasse,雙門跑車,汽油,"CLK Cabrio 200 Kompressor, Avantgarde",2002,2009,N/A
MERCEDES-BENZ,Clk Klasse,雙門跑車,汽油,"CLK Cabrio 200 Kompressor, Avantgarde Grand Edition",2002,2009,N/A
MERCEDES-BENZ,Clk Klasse,雙門跑車,汽油,"CLK Cabrio 200 Kompressor, Avantgarde Sport Edition",2002,2009,N/A
MERCEDES-BENZ,Clk Klasse,雙門跑車,汽油,"CLK Cabrio 200 Kompressor, Elegance",2002,2009,N/A
MERCEDES-BENZ,Clk Klasse,雙門跑車,汽油,"CLK Cabrio 240, Avantgarde",2002,2009,N/A
MERCEDES-BENZ,Clk Klasse,雙門跑車,汽油,"CLK Cabrio 240, Elegance",2002,2009,N/A
MERCEDES-BENZ,Clk Klasse,雙門跑車,汽油,"CLK Cabrio 280 7G-TRONIC Sport, Avantgarde Grand Edition",2002,2009,N/A
MERCEDES-BENZ,Clk Klasse,雙門跑車,汽油,"CLK Cabrio 280 7G-TRONIC, Avantgarde",2002,2009,N/A
MERCEDES-BENZ,Clk Klasse,雙門跑車,汽油,"CLK Cabrio 280 7G-TRONIC, Avantgarde Sport Edition",2002,2009,N/A
MERCEDES-BENZ,Clk Klasse,雙門跑車,汽油,"CLK Cabrio 280 7G-TRONIC, Elegance",2002,2009,N/A
MERCEDES-BENZ,Clk Klasse,雙門跑車,汽油,"CLK Cabrio 280, Avantgarde",2002,2009,N/A
MERCEDES-BENZ,Clk Klasse,雙門跑車,汽油,"CLK Cabrio 280, Avantgarde Grand Edition",2002,2009,N/A
MERCEDES-BENZ,Clk Klasse,雙門跑車,汽油,"CLK Cabrio 280, Avantgarde Sport Edition",2002,2009,N/A
MERCEDES-BENZ,Clk Klasse,雙門跑車,汽油,"CLK Cabrio 280, Elegance",2002,2009,N/A
MERCEDES-BENZ,Clk Klasse,雙門跑車,汽油,"CLK Cabrio 320, Avantgarde",2002,2009,N/A
MERCEDES-BENZ,Clk Klasse,雙門跑車,汽油,"CLK Cabrio 320, Elegance",2002,2009,N/A
MERCEDES-BENZ,Clk Klasse,雙門跑車,汽油,"CLK Cabrio 350 7G-TRONIC Sport, Avantgarde Grand Edition",2002,2009,N/A
MERCEDES-BENZ,Clk Klasse,雙門跑車,汽油,"CLK Cabrio 350 7G-TRONIC, Avantgarde",2002,2009,N/A
MERCEDES-BENZ,Clk Klasse,雙門跑車,汽油,"CLK Cabrio 350 7G-TRONIC, Avantgarde Sport Edition",2002,2009,N/A
MERCEDES-BENZ,Clk Klasse,雙門跑車,汽油,"CLK Cabrio 350 7G-TRONIC, Elegance",2002,2009,N/A
MERCEDES-BENZ,Clk Klasse,雙門跑車,汽油,"CLK Cabrio 500 7G-TRONIC Sport, Avantgarde Grand Edition",2002,2009,N/A
MERCEDES-BENZ,Clk Klasse,雙門跑車,汽油,"CLK Cabrio 500 7G-TRONIC, Avantgarde",2002,2009,N/A
MERCEDES-BENZ,Clk Klasse,雙門跑車,汽油,"CLK Cabrio 500 7G-TRONIC, Avantgarde Sport Edition",2002,2009,N/A
MERCEDES-BENZ,Clk Klasse,雙門跑車,汽油,"CLK Cabrio 500 7G-TRONIC, Elegance",2002,2009,N/A
MERCEDES-BENZ,Clk Klasse,雙門跑車,汽油,"CLK Cabrio 500, Avantgarde",2002,2009,N/A
MERCEDES-BENZ,Clk Klasse,雙門跑車,汽油,"CLK Cabrio 500, Elegance",2002,2009,N/A
MERCEDES-BENZ,Clk Klasse Amg,敞篷車,汽油,CLK Cabrio 55 AMG,2002,2009,N/A
MERCEDES-BENZ,Clk Klasse Amg,敞篷車,汽油,CLK Cabrio 55 AMG Automatik,2002,2009,N/A
MERCEDES-BENZ,Clk Klasse Amg,敞篷車,汽油,CLK Cabrio 63 AMG 7G-TRONIC,2002,2009,N/A
MERCEDES-BENZ,Cls,雙門跑車,柴油,CLS 220 d 9G-TRONIC,2017,2022,N/A
MERCEDES-BENZ,Cls,雙門跑車,柴油,"CLS 220 d 9G-TRONIC, Avantgarde",2017,2022,N/A
MERCEDES-BENZ,Cls,雙門跑車,汽油,CLS 350 9G-TRONIC,2017,2022,N/A
MERCEDES-BENZ,Cls,雙門跑車,汽油,"CLS 350 9G-TRONIC, Avantgarde",2017,2022,N/A
MERCEDES-BENZ,Cls,雙門跑車,汽油,"CLS 350 9G-TRONIC, Edition 1",2017,2022,N/A
MERCEDES-BENZ,Cls,雙門跑車,汽油,CLS 450 4Matic 9G-TRONIC,2017,2022,N/A
MERCEDES-BENZ,Cls,雙門跑車,汽油,"CLS 450 4Matic 9G-TRONIC, Avantgarde",2017,2022,N/A
MERCEDES-BENZ,Cls,雙門跑車,汽油,"CLS 450 4Matic 9G-TRONIC, Edition 1",2017,2022,N/A
MERCEDES-BENZ,Cls Klasse Amg,雙門跑車,柴油,"CLS 220 d 9G-TRONIC, AMG Line",2017,2023,N/A
MERCEDES-BENZ,Cls Klasse Amg,雙門跑車,柴油,"CLS 300 d 4Matic 9G-TRONIC, AMG Line",2017,2023,N/A
MERCEDES-BENZ,Cls Klasse Amg,雙門跑車,汽油,AMG CLS 53 4Matic AMG Speedshift 9G-TRONIC,2017,2023,N/A
MERCEDES-BENZ,Cls Klasse Amg,雙門跑車,汽油,"AMG CLS 53 4Matic AMG Speedshift 9G-TRONIC, Edition 1",2017,2023,N/A
MERCEDES-BENZ,Cls Klasse Amg,雙門跑車,汽油,AMG CLS 53 4Matic AMG Speedshift TCT 9G,2017,2023,N/A
MERCEDES-BENZ,Cls Klasse Amg,雙門跑車,汽油,"AMG CLS 53 4Matic+ AMG Speedshift TCT 9G, Limited Edition",2017,2023,N/A
MERCEDES-BENZ,Cls Klasse Amg,雙門跑車,汽油,"CLS 350 9G-TRONIC, AMG Line",2017,2023,N/A
MERCEDES-BENZ,Cls Klasse Amg,雙門跑車,汽油,"CLS 450 4Matic 9G-TRONIC, AMG Line",2017,2023,N/A
MERCEDES-BENZ,E Klasse,轎車,Diesel/Elektro-PlugIn,E 300de T 4Matic 9G-TRONIC seit 10/2023,2023,至今,N/A
MERCEDES-BENZ,E Klasse,轎車,Diesel/Elektro-PlugIn,"E 300de T 4Matic 9G-TRONIC, AMG Line NIGHT Edition seit 10/2025",2023,至今,N/A
MERCEDES-BENZ,E Klasse,轎車,Diesel/Elektro-PlugIn,"E 300de T 4Matic 9G-TRONIC, AVANTGARDE NIGHT Edition seit 10/2025",2023,至今,N/A
MERCEDES-BENZ,E Klasse,轎車,插電式油電混合,E 300e T 9G-TRONIC seit 09/2023,2023,至今,N/A
MERCEDES-BENZ,E Klasse,轎車,插電式油電混合,"E 300e T 9G-TRONIC, AMG Line NIGHT Edition seit 10/2025",2023,至今,N/A
MERCEDES-BENZ,E Klasse,轎車,插電式油電混合,"E 300e T 9G-TRONIC, AVANTGARDE NIGHT Edition seit 10/2025",2023,至今,N/A
MERCEDES-BENZ,E Klasse,轎車,柴油,E 200 d T 9G-TRONIC seit 10/2024,2023,至今,N/A
MERCEDES-BENZ,E Klasse,轎車,柴油,"E 200 d T 9G-TRONIC, AMG Line NIGHT Edition seit 10/2025",2023,至今,N/A
MERCEDES-BENZ,E Klasse,轎車,柴油,"E 200 d T 9G-TRONIC, AVANTGARDE NIGHT Edition seit 10/2025",2023,至今,N/A
MERCEDES-BENZ,E Klasse,轎車,汽油,E 200 T 4Matic 9G-TRONIC seit 01/2024,2023,至今,N/A
MERCEDES-BENZ,E Klasse,轎車,汽油,"E 200 T 4Matic 9G-TRONIC, AMG Line NIGHT Edition seit 10/2025",2023,至今,N/A
MERCEDES-BENZ,E Klasse,轎車,汽油,"E 200 T 4Matic 9G-TRONIC, AVANTGARDE NIGHT Edition seit 10/2025",2023,至今,N/A
MERCEDES-BENZ,E Klasse,轎車,汽油,"E 200 T 4Matic 9G-TRONIC, Edition AMG Line",2023,至今,N/A
MERCEDES-BENZ,E Klasse,轎車,汽油,"E 200 T 4Matic 9G-TRONIC, Edition AVANTGARDE",2023,至今,N/A
MERCEDES-BENZ,E Klasse,轎車,汽油,E 200 T 9G-TRONIC seit 08/2023,2023,至今,N/A
MERCEDES-BENZ,E Klasse,轎車,汽油,"E 200 T 9G-TRONIC, AMG Line NIGHT Edition seit 10/2025",2023,至今,N/A
MERCEDES-BENZ,E Klasse,轎車,汽油,"E 200 T 9G-TRONIC, AVANTGARDE NIGHT Edition seit 10/2025",2023,至今,N/A
MERCEDES-BENZ,E Klasse,轎車,汽油,"E 200 T 9G-TRONIC, Edition AMG Line",2023,至今,N/A
MERCEDES-BENZ,E Klasse,轎車,汽油,"E 200 T 9G-TRONIC, Edition AVANTGARDE",2023,至今,N/A
MERCEDES-BENZ,E Klasse,轎車,汽油,E 450 T 4Matic 9G-TRONIC seit 10/2023,2023,至今,N/A
MERCEDES-BENZ,E Klasse,轎車,汽油,"E 450 T 4Matic 9G-TRONIC, AMG Line NIGHT Edition seit 10/2025",2023,至今,N/A
MERCEDES-BENZ,E Klasse,轎車,汽油,"E 450 T 4Matic 9G-TRONIC, AVANTGARDE NIGHT Edition seit 04/2026",2023,至今,N/A
MERCEDES-BENZ,E Klasse,轎車,汽油,E 450 T 4Matic All-Terrain 9G-TRONIC seit 10/2023,2023,至今,N/A
MERCEDES-BENZ,Eqa,休旅車,電力,EQA 250,2021,至今,N/A
MERCEDES-BENZ,Eqa,休旅車,電力,EQA 250+,2021,至今,N/A
MERCEDES-BENZ,Eqa,休旅車,電力,"EQA 250+, AMG Line",2021,至今,N/A
MERCEDES-BENZ,Eqa,休旅車,電力,"EQA 250+, Electric Art",2021,至今,N/A
MERCEDES-BENZ,Eqa,休旅車,電力,"EQA 250+, Progressive",2021,至今,N/A
MERCEDES-BENZ,Eqa,休旅車,電力,"EQA 250, AMG Line",2021,至今,N/A
MERCEDES-BENZ,Eqa,休旅車,電力,"EQA 250, Edition 1",2021,至今,N/A
MERCEDES-BENZ,Eqa,休旅車,電力,"EQA 250, Electric Art",2021,至今,N/A
MERCEDES-BENZ,Eqa,休旅車,電力,"EQA 250, Progressive",2021,至今,N/A
MERCEDES-BENZ,Eqa,休旅車,電力,EQA 300 4Matic,2021,至今,N/A
MERCEDES-BENZ,Eqa,休旅車,電力,"EQA 300 4Matic, AMG Line",2021,至今,N/A
MERCEDES-BENZ,Eqa,休旅車,電力,"EQA 300 4Matic, Edition 1",2021,至今,N/A
MERCEDES-BENZ,Eqa,休旅車,電力,"EQA 300 4Matic, Electric Art",2021,至今,N/A
MERCEDES-BENZ,Eqa,休旅車,電力,"EQA 300 4Matic, Progressive",2021,至今,N/A
MERCEDES-BENZ,Eqa,休旅車,電力,EQA 350 4Matic,2021,至今,N/A
MERCEDES-BENZ,Eqa,休旅車,電力,"EQA 350 4Matic, AMG Line",2021,至今,N/A
MERCEDES-BENZ,Eqa,休旅車,電力,"EQA 350 4Matic, Edition 1",2021,至今,N/A
MERCEDES-BENZ,Eqa,休旅車,電力,"EQA 350 4Matic, Electric Art",2021,至今,N/A
MERCEDES-BENZ,Eqa,休旅車,電力,"EQA 350 4Matic, Progressive",2021,至今,N/A
MERCEDES-BENZ,Eqb,休旅車,電力,EQB 250+,2021,2025,N/A
MERCEDES-BENZ,Eqb,休旅車,電力,"EQB 250+, AMG Line",2021,2025,N/A
MERCEDES-BENZ,Eqb,休旅車,電力,"EQB 250+, Edition 1",2021,2025,N/A
MERCEDES-BENZ,Eqb,休旅車,電力,"EQB 250+, Electric Art",2021,2025,N/A
MERCEDES-BENZ,Eqb,休旅車,電力,"EQB 250+, Progressive",2021,2025,N/A
MERCEDES-BENZ,Eqb,休旅車,電力,"EQB 250, AMG Line",2021,2025,N/A
MERCEDES-BENZ,Eqb,休旅車,電力,"EQB 250, Edition 1",2021,2025,N/A
MERCEDES-BENZ,Eqb,休旅車,電力,"EQB 250, Electric Art",2021,2025,N/A
MERCEDES-BENZ,Eqb,休旅車,電力,"EQB 250, Progressive",2021,2025,N/A
MERCEDES-BENZ,Eqb,休旅車,電力,EQB 300 4Matic,2021,2025,N/A
MERCEDES-BENZ,Eqb,休旅車,電力,"EQB 300 4Matic, AMG Line",2021,2025,N/A
MERCEDES-BENZ,Eqb,休旅車,電力,"EQB 300 4Matic, Edition 1",2021,2025,N/A
MERCEDES-BENZ,Eqb,休旅車,電力,"EQB 300 4Matic, Electric Art",2021,2025,N/A
MERCEDES-BENZ,Eqb,休旅車,電力,"EQB 300 4Matic, Progressive",2021,2025,N/A
MERCEDES-BENZ,Eqb,休旅車,電力,EQB 350 4Matic,2021,2025,N/A
MERCEDES-BENZ,Eqb,休旅車,電力,"EQB 350 4Matic, AMG Line",2021,2025,N/A
MERCEDES-BENZ,Eqb,休旅車,電力,"EQB 350 4Matic, Edition 1",2021,2025,N/A
MERCEDES-BENZ,Eqb,休旅車,電力,"EQB 350 4Matic, Electric Art",2021,2025,N/A
MERCEDES-BENZ,Eqb,休旅車,電力,"EQB 350 4Matic, Progressive",2021,2025,N/A
MERCEDES-BENZ,Eqc,休旅車,電力,EQC 400 4Matic,2019,至今,N/A
MERCEDES-BENZ,Eqc,休旅車,電力,"EQC 400 4Matic, AMG Line",2019,至今,N/A
MERCEDES-BENZ,Eqc,休旅車,電力,"EQC 400 4Matic, AMG Line Electric Art",2019,至今,N/A
MERCEDES-BENZ,Eqc,休旅車,電力,"EQC 400 4Matic, Edition 1886",2019,至今,N/A
MERCEDES-BENZ,Eqc,休旅車,電力,"EQC 400 4Matic, Electric Art",2019,至今,N/A
MERCEDES-BENZ,Eqc,休旅車,電力,"EQC 400 4Matic, Service+",2019,至今,N/A
MERCEDES-BENZ,Eqc,休旅車,電力,"EQC 400 4Matic, Service+ AMG Line",2019,至今,N/A
MERCEDES-BENZ,Eqc,休旅車,電力,"EQC 400 4Matic, Service+ Electric Art",2019,至今,N/A
MERCEDES-BENZ,Eqs,轎車,電力,AMG EQS 53 4Matic+,2021,至今,N/A
MERCEDES-BENZ,Eqs,轎車,電力,"AMG EQS 53 4Matic+, AMG Dynamic Plus",2021,至今,N/A
MERCEDES-BENZ,Eqs,轎車,電力,"EQS 350+, AMG Line",2021,至今,N/A
MERCEDES-BENZ,Eqs,轎車,電力,"EQS 350+, Edition 1",2021,至今,N/A
MERCEDES-BENZ,Eqs,轎車,電力,"EQS 350+, Electric Art",2021,至今,N/A
MERCEDES-BENZ,Eqs,轎車,電力,"EQS 450 4Matic, AMG Line",2021,至今,N/A
MERCEDES-BENZ,Eqs,轎車,電力,"EQS 450 4Matic, Edition 1",2021,至今,N/A
MERCEDES-BENZ,Eqs,轎車,電力,"EQS 450 4Matic, Electric Art",2021,至今,N/A
MERCEDES-BENZ,Eqs,轎車,電力,"EQS 450+, AMG Line",2021,至今,N/A
MERCEDES-BENZ,Eqs,轎車,電力,"EQS 450+, Edition 1",2021,至今,N/A
MERCEDES-BENZ,Eqs,轎車,電力,"EQS 450+, Electric Art",2021,至今,N/A
MERCEDES-BENZ,Eqs,轎車,電力,"EQS 500 4Matic, AMG Line",2021,至今,N/A
MERCEDES-BENZ,Eqs,轎車,電力,"EQS 500 4Matic, Edition 1",2021,至今,N/A
MERCEDES-BENZ,Eqs,轎車,電力,"EQS 500 4Matic, Electric Art",2021,至今,N/A
MERCEDES-BENZ,Eqs,轎車,電力,"EQS 580 4Matic, AMG Line",2021,至今,N/A
MERCEDES-BENZ,Eqs,轎車,電力,"EQS 580 4Matic, Edition 1",2021,至今,N/A
MERCEDES-BENZ,Eqs,轎車,電力,"EQS 580 4Matic, Electric Art",2021,至今,N/A
MERCEDES-BENZ,Eqv,旅行車,電力,EQV 250 extralang,2020,2026,N/A
MERCEDES-BENZ,Eqv,旅行車,電力,EQV 250 extralang seit 01/2024,2020,2026,N/A
MERCEDES-BENZ,Eqv,旅行車,電力,"EQV 250 extralang, Avantgarde Line",2020,2026,N/A
MERCEDES-BENZ,Eqv,旅行車,電力,"EQV 250 extralang, Edition 2023",2020,2026,N/A
MERCEDES-BENZ,Eqv,旅行車,電力,EQV 250 lang,2020,2026,N/A
MERCEDES-BENZ,Eqv,旅行車,電力,EQV 250 lang seit 01/2024,2020,2026,N/A
MERCEDES-BENZ,Eqv,旅行車,電力,"EQV 250 lang, Avantgarde Line",2020,2026,N/A
MERCEDES-BENZ,Eqv,旅行車,電力,"EQV 250 lang, Edition 2023",2020,2026,N/A
MERCEDES-BENZ,Eqv,旅行車,電力,EQV 300 extralang,2020,2026,N/A
MERCEDES-BENZ,Eqv,旅行車,電力,EQV 300 extralang seit 07/2024,2020,2026,N/A
MERCEDES-BENZ,Eqv,旅行車,電力,"EQV 300 extralang, Avantgarde Line",2020,2026,N/A
MERCEDES-BENZ,Eqv,旅行車,電力,"EQV 300 extralang, Edition 2023",2020,2026,N/A
MERCEDES-BENZ,Eqv,旅行車,電力,EQV 300 lang,2020,2026,N/A
MERCEDES-BENZ,Eqv,旅行車,電力,EQV 300 lang seit 01/2024,2020,2026,N/A
MERCEDES-BENZ,Eqv,旅行車,電力,"EQV 300 lang, Avantgarde Line",2020,2026,N/A
MERCEDES-BENZ,Eqv,旅行車,電力,"EQV 300 lang, Edition 2023",2020,2026,N/A
MERCEDES-BENZ,G Klasse,越野車,柴油,G 450 d 9G-TRONIC seit 03/2024,2024,至今,N/A
MERCEDES-BENZ,G Klasse,越野車,汽油,G 500 9G-TRONIC,2024,至今,N/A
MERCEDES-BENZ,G Klasse,越野車,汽油,G 500 9G-TRONIC seit 06/2026,2024,至今,N/A
MERCEDES-BENZ,G580,越野車,電力,G 580 EQ seit 04/2024,2024,至今,N/A
MERCEDES-BENZ,G580,越野車,電力,"G 580 EQ, Edition ONE",2024,至今,N/A
MERCEDES-BENZ,Gl Amg,休旅車,柴油,"GLS 350 d 4Matic 9G-TRONIC, AMG Line Advanced Plus",2015,至今,N/A
MERCEDES-BENZ,Gl Amg,休旅車,柴油,"GLS 450 d 4Matic 9G-TRONIC, AMG Line Advanced Plus",2015,至今,N/A
MERCEDES-BENZ,Gl Amg,休旅車,汽油,AMG GLS 63 4Matic AMG Speedshift 7G-TRONIC,2015,至今,N/A
MERCEDES-BENZ,Gl Amg,休旅車,汽油,AMG GLS 63 4Matic AMG Speedshift TCT 9G,2015,至今,N/A
MERCEDES-BENZ,Gl Amg,休旅車,汽油,"AMG GLS 63 4Matic+ 9G-TRONIC, AMG Line Premium Plus",2015,至今,N/A
MERCEDES-BENZ,Gl Amg,休旅車,汽油,"GLS 450 4Matic 9G-TRONIC, AMG Line Advanced Plus",2015,至今,N/A
MERCEDES-BENZ,Gl Amg,休旅車,汽油,"GLS 580 4Matic 9G-TRONIC, AMG Line Advanced Plus",2015,至今,N/A
MERCEDES-BENZ,Gl Klasse,休旅車,柴油,GLS 350 d 4Matic 9G-TRONIC,2019,至今,N/A
MERCEDES-BENZ,Gl Klasse,休旅車,柴油,GLS 350 d 4Matic 9G-TRONIC seit 05/2026,2019,至今,N/A
MERCEDES-BENZ,Gl Klasse,休旅車,柴油,"GLS 350 d 4Matic 9G-TRONIC, Advanced Plus",2019,至今,N/A
MERCEDES-BENZ,Gl Klasse,休旅車,汽油,"AMG GLS 63 4Matic+ 9G-TRONIC, AMG MANUFAKTUR Arctic Silver Edition",2019,至今,N/A
MERCEDES-BENZ,Gl Klasse,休旅車,汽油,GLS 450 4Matic 9G-TRONIC,2019,至今,N/A
MERCEDES-BENZ,Gl Klasse,休旅車,汽油,GLS 450 4Matic 9G-TRONIC seit 05/2026,2019,至今,N/A
MERCEDES-BENZ,Gl Klasse,休旅車,汽油,"GLS 450 4Matic 9G-TRONIC, Advanced Plus",2019,至今,N/A
MERCEDES-BENZ,Gl Klasse,休旅車,汽油,"GLS 450 4Matic 9G-TRONIC, Edition",2019,至今,N/A
MERCEDES-BENZ,Gl Klasse,休旅車,汽油,"GLS 450 4Matic 9G-TRONIC, Exclusive",2019,至今,N/A
MERCEDES-BENZ,Gl Klasse,休旅車,汽油,GLS 580 4Matic 9G-TRONIC,2019,至今,N/A
MERCEDES-BENZ,Gl Klasse,休旅車,汽油,"GLS 580 4Matic 9G-TRONIC, Edition",2019,至今,N/A
MERCEDES-BENZ,Gl Klasse,休旅車,汽油,"GLS 580 4Matic 9G-TRONIC, Exclusive",2019,至今,N/A
MERCEDES-BENZ,Gl Klasse,休旅車,汽油,Maybach GLS 600 4Matic 9G-TRONIC,2019,至今,N/A
MERCEDES-BENZ,Gl Klasse,休旅車,汽油,"Maybach GLS 600 4Matic 9G-TRONIC, Night Series",2019,至今,N/A
MERCEDES-BENZ,Gl Klasse,休旅車,汽油,"Maybach GLS 600 4Matic 9G-TRONIC, Premium Plus",2019,至今,N/A
MERCEDES-BENZ,Gla,休旅車,插電式油電混合,GLA 250 e 8G-DCT,2020,至今,N/A
MERCEDES-BENZ,Gla,休旅車,插電式油電混合,"GLA 250 e 8G-DCT, AMG Line",2020,至今,N/A
MERCEDES-BENZ,Gla,休旅車,插電式油電混合,"GLA 250 e 8G-DCT, Edition 1",2020,至今,N/A
MERCEDES-BENZ,Gla,休旅車,柴油,GLA 180 d 8G-DCT,2020,至今,N/A
MERCEDES-BENZ,Gla,休旅車,柴油,"GLA 180 d 8G-DCT, AMG Line",2020,至今,N/A
MERCEDES-BENZ,Gla,休旅車,柴油,"GLA 180 d 8G-DCT, EDITION 2022",2020,至今,N/A
MERCEDES-BENZ,Gla,休旅車,汽油,GLA 180 7G-DCT,2020,至今,N/A
MERCEDES-BENZ,Gla,休旅車,汽油,"GLA 180 7G-DCT, AMG Line",2020,至今,N/A
MERCEDES-BENZ,Gla,休旅車,汽油,"GLA 180 7G-DCT, EDITION 2022",2020,至今,N/A
MERCEDES-BENZ,Gla,休旅車,汽油,"GLA 180 7G-DCT, Edition 1",2020,至今,N/A
MERCEDES-BENZ,Gla,休旅車,汽油,"GLA 180 7G-DCT, Edition 2021",2020,至今,N/A
MERCEDES-BENZ,Gla,休旅車,汽油,"GLA 180 7G-DCT, Edition Progressive Line seit 01/2024",2020,至今,N/A
MERCEDES-BENZ,Gla,休旅車,汽油,"GLA 180 7G-DCT, Entry seit 05/2023",2020,至今,N/A
MERCEDES-BENZ,Gla,休旅車,汽油,"GLA 180 7G-DCT, Progressive",2020,至今,N/A
MERCEDES-BENZ,Gla,休旅車,汽油,"GLA 180 7G-DCT, Progressive Advanced seit 05/2023",2020,至今,N/A
MERCEDES-BENZ,Gla,休旅車,汽油,"GLA 180 7G-DCT, Special Edition seit 01/2025",2020,至今,N/A
MERCEDES-BENZ,Gla,休旅車,汽油,"GLA 180 7G-DCT, Style",2020,至今,N/A
MERCEDES-BENZ,Gla,休旅車,汽油,GLA 200 4Matic 8G-DCT,2020,至今,N/A
MERCEDES-BENZ,Gla,休旅車,汽油,"GLA 200 4Matic 8G-DCT, AMG Line",2020,至今,N/A
MERCEDES-BENZ,Gla,休旅車,汽油,"GLA 200 4Matic 8G-DCT, EDITION 2022",2020,至今,N/A
MERCEDES-BENZ,Gla,休旅車,汽油,"GLA 200 4Matic 8G-DCT, Edition 1",2020,至今,N/A
MERCEDES-BENZ,Gla,休旅車,汽油,"GLA 200 4Matic 8G-DCT, Edition 2021",2020,至今,N/A
MERCEDES-BENZ,Gla,休旅車,汽油,"GLA 200 4Matic 8G-DCT, Progressive",2020,至今,N/A
MERCEDES-BENZ,Gla,休旅車,汽油,"GLA 200 4Matic 8G-DCT, Style",2020,至今,N/A
MERCEDES-BENZ,Gla,休旅車,汽油,GLA 200 7G-DCT,2020,至今,N/A
MERCEDES-BENZ,Gla,休旅車,汽油,"GLA 200 7G-DCT, AMG Line",2020,至今,N/A
MERCEDES-BENZ,Gla,休旅車,汽油,"GLA 200 7G-DCT, EDITION 2022",2020,至今,N/A
MERCEDES-BENZ,Gla,休旅車,汽油,"GLA 200 7G-DCT, Edition 1",2020,至今,N/A
MERCEDES-BENZ,Gla,休旅車,汽油,"GLA 200 7G-DCT, Edition 2021",2020,至今,N/A
MERCEDES-BENZ,Gla,休旅車,汽油,"GLA 200 7G-DCT, Edition Progressive Line seit 01/2024",2020,至今,N/A
MERCEDES-BENZ,Gla,休旅車,汽油,"GLA 200 7G-DCT, Entry seit 05/2023",2020,至今,N/A
MERCEDES-BENZ,Gla,休旅車,汽油,"GLA 200 7G-DCT, Progressive",2020,至今,N/A
MERCEDES-BENZ,Gla,休旅車,汽油,"GLA 200 7G-DCT, Progressive Advanced seit 05/2023",2020,至今,N/A
MERCEDES-BENZ,Gla,休旅車,汽油,"GLA 200 7G-DCT, Special Edition seit 01/2025",2020,至今,N/A
MERCEDES-BENZ,Gla,休旅車,汽油,"GLA 200 7G-DCT, Style",2020,至今,N/A
MERCEDES-BENZ,Gla,休旅車,汽油,"GLA 220 4Matic 8G-DCT, Edition Progressive Line seit 01/2024",2020,至今,N/A
MERCEDES-BENZ,Gla,休旅車,汽油,"GLA 220 4Matic 8G-DCT, Entry seit 05/2023",2020,至今,N/A
MERCEDES-BENZ,Gla,休旅車,汽油,"GLA 220 4Matic 8G-DCT, Progressive Advanced seit 05/2023",2020,至今,N/A
MERCEDES-BENZ,Gla,休旅車,汽油,"GLA 220 4Matic 8G-DCT, Special Edition seit 01/2025",2020,至今,N/A
MERCEDES-BENZ,Gla,休旅車,汽油,GLA 250 4Matic 8G-DCT,2020,至今,N/A
MERCEDES-BENZ,Gla,休旅車,汽油,"GLA 250 4Matic 8G-DCT, AMG Line",2020,至今,N/A
MERCEDES-BENZ,Gla,休旅車,汽油,"GLA 250 4Matic 8G-DCT, EDITION 2022",2020,至今,N/A
MERCEDES-BENZ,Gla,休旅車,汽油,"GLA 250 4Matic 8G-DCT, Edition 1",2020,至今,N/A
MERCEDES-BENZ,Gla,休旅車,汽油,"GLA 250 4Matic 8G-DCT, Edition 2021",2020,至今,N/A
MERCEDES-BENZ,Gla,休旅車,汽油,"GLA 250 4Matic 8G-DCT, Edition Progressive Line seit 01/2024",2020,至今,N/A
MERCEDES-BENZ,Gla,休旅車,汽油,"GLA 250 4Matic 8G-DCT, Progressive",2020,至今,N/A
MERCEDES-BENZ,Gla,休旅車,汽油,"GLA 250 4Matic 8G-DCT, Progressive Advanced seit 05/2023",2020,至今,N/A
MERCEDES-BENZ,Gla,休旅車,汽油,"GLA 250 4Matic 8G-DCT, Special Edition seit 01/2025",2020,至今,N/A
MERCEDES-BENZ,Gla,休旅車,汽油,"GLA 250 4Matic 8G-DCT, Style",2020,至今,N/A
MERCEDES-BENZ,Gla,休旅車,汽油,GLA 250 8G-DCT,2020,至今,N/A
MERCEDES-BENZ,Gla,休旅車,汽油,"GLA 250 8G-DCT, AMG Line",2020,至今,N/A
MERCEDES-BENZ,Gla,休旅車,汽油,"GLA 250 8G-DCT, EDITION 2022",2020,至今,N/A
MERCEDES-BENZ,Gla,休旅車,汽油,"GLA 250 8G-DCT, Edition 1",2020,至今,N/A
MERCEDES-BENZ,Gla,休旅車,汽油,"GLA 250 8G-DCT, Edition 2021",2020,至今,N/A
MERCEDES-BENZ,Gla,休旅車,汽油,"GLA 250 8G-DCT, Progressive",2020,至今,N/A
MERCEDES-BENZ,Gla,休旅車,汽油,"GLA 250 8G-DCT, Style",2020,至今,N/A
MERCEDES-BENZ,Glb,休旅車,汽油,GLB 180 seit 03/2026,2026,至今,N/A
MERCEDES-BENZ,Glb,休旅車,汽油,"GLB 180, Night Edition seit 03/2026",2026,至今,N/A
MERCEDES-BENZ,Glb,休旅車,汽油,GLB 200 4MATIC seit 03/2026,2026,至今,N/A
MERCEDES-BENZ,Glb,休旅車,汽油,"GLB 200 4MATIC, Night Edition seit 03/2026",2026,至今,N/A
MERCEDES-BENZ,Glb,休旅車,汽油,GLB 200 seit 03/2026,2026,至今,N/A
MERCEDES-BENZ,Glb,休旅車,汽油,"GLB 200, Night Edition seit 03/2026",2026,至今,N/A
MERCEDES-BENZ,Glb,休旅車,汽油,GLB 220 4MATIC seit 03/2026,2026,至今,N/A
MERCEDES-BENZ,Glb,休旅車,汽油,"GLB 220 4MATIC, Night Edition seit 03/2026",2026,至今,N/A
MERCEDES-BENZ,Glb,休旅車,汽油,GLB 220 seit 03/2026,2026,至今,N/A
MERCEDES-BENZ,Glb,休旅車,汽油,"GLB 220, Night Edition seit 03/2026",2026,至今,N/A
MERCEDES-BENZ,Glb,休旅車,電力,GLB 200 EQ,2026,至今,N/A
MERCEDES-BENZ,Glb,休旅車,電力,"GLB 200 EQ, Night Edition",2026,至今,N/A
MERCEDES-BENZ,Glb,休旅車,電力,GLB 200 elektrisch ab 07/2026,2026,至今,N/A
MERCEDES-BENZ,Glc Klasse,休旅車,電力,GLC 250 elektrisch seit 06/2026,2026,至今,N/A
MERCEDES-BENZ,Glc Klasse,休旅車,電力,GLC 300 elektrisch 4Matic seit 06/2026,2026,至今,N/A
MERCEDES-BENZ,Glc Klasse,休旅車,電力,GLC 400 elektrisch 4Matic seit 06/2026,2026,至今,N/A
MERCEDES-BENZ,Gle,休旅車,Diesel/Elektro-PlugIn,GLE 350 de 4Matic 9G-TRONIC,2018,至今,N/A
MERCEDES-BENZ,Gle,休旅車,Diesel/Elektro-PlugIn,"GLE 350 de 4Matic 9G-TRONIC, AMG Line",2018,至今,N/A
MERCEDES-BENZ,Gle,休旅車,Diesel/Elektro-PlugIn,"GLE 350 de 4Matic 9G-TRONIC, Advanced",2018,至今,N/A
MERCEDES-BENZ,Gle,休旅車,插電式油電混合,AMG GLE-Coupe 53 Hybrid 4Matic+ AMG Speed. TCT 9G seit 05/2026,2018,至今,N/A
MERCEDES-BENZ,Gle,休旅車,插電式油電混合,"AMG GLE-Coupe 53 Hybrid 4Matic+ AMG Speed. TCT 9G, AMG MANUFAKTUR Arctic Silver Edition",2018,至今,N/A
MERCEDES-BENZ,Gle,休旅車,插電式油電混合,GLE 350 e 4Matic 9G-TRONIC,2018,至今,N/A
MERCEDES-BENZ,Gle,休旅車,柴油,GLE 300 d 4Matic 9G-TRONIC,2018,至今,N/A
MERCEDES-BENZ,Gle,休旅車,柴油,"GLE 300 d 4Matic 9G-TRONIC, AMG Line",2018,至今,N/A
MERCEDES-BENZ,Gle,休旅車,汽油,AMG GLE-Coupe 53 4Matic+ AMG Speedshift TCT 9G seit 05/2026,2018,至今,N/A
MERCEDES-BENZ,Gle,休旅車,汽油,"AMG GLE-Coupe 53 4Matic+ AMG Speedshift TCT 9G, AMG MANUFAKTUR Arctic Silver Edition",2018,至今,N/A
MERCEDES-BENZ,Gle,休旅車,汽油,"AMG GLE-Coupe 63 S 4Matic+ AMG Speedshift TCT 9G, AMG MANUFAKTUR Arctic Silver Edition",2018,至今,N/A
MERCEDES-BENZ,Gle,休旅車,汽油,GLE 450 4Matic 9G-TRONIC,2018,至今,N/A
MERCEDES-BENZ,Gle,休旅車,汽油,GLE 450 4Matic 9G-TRONIC seit 05/2026,2018,至今,N/A
MERCEDES-BENZ,Gle,休旅車,汽油,"GLE 450 4Matic 9G-TRONIC, AMG Line",2018,至今,N/A
MERCEDES-BENZ,Gle,休旅車,汽油,"GLE 450 4Matic 9G-TRONIC, Advanced Plus",2018,至今,N/A
MERCEDES-BENZ,Gle,休旅車,汽油,"GLE 450 4Matic 9G-TRONIC, Ambiente",2018,至今,N/A
MERCEDES-BENZ,Gle,休旅車,汽油,"GLE 450 4Matic 9G-TRONIC, Edition",2018,至今,N/A
MERCEDES-BENZ,Gle,休旅車,汽油,"GLE 450 4Matic 9G-TRONIC, Exclusive",2018,至今,N/A
MERCEDES-BENZ,Gle,休旅車,汽油,GLE 580 4Matic 9G-TRONIC,2018,至今,N/A
MERCEDES-BENZ,Gle,休旅車,汽油,"GLE 580 4Matic 9G-TRONIC, AMG Line",2018,至今,N/A
MERCEDES-BENZ,Gle,休旅車,汽油,"GLE 580 4Matic 9G-TRONIC, Edition",2018,至今,N/A
MERCEDES-BENZ,Gle,休旅車,汽油,"GLE 580 4Matic 9G-TRONIC, Exclusive",2018,至今,N/A
MERCEDES-BENZ,Gle,休旅車,汽油,"GLE 580 4Matic 9G-TRONIC, Premium",2018,至今,N/A
MERCEDES-BENZ,Gle,休旅車,汽油,GLE AMG 53 4Matic+ AMG Speedshift TCT 9G seit 05/2026,2018,至今,N/A
MERCEDES-BENZ,Gle,休旅車,汽油,"GLE AMG 53 4Matic+ AMG Speedshift TCT 9G, AMG MANUFAKTUR Arctic Silver Edition",2018,至今,N/A
MERCEDES-BENZ,Gle,休旅車,汽油,"GLE AMG 63 S 4Matic+ AMG Speedshift TCT 9G, AMG MANUFAKTUR Arctic Silver Edition",2018,至今,N/A
MERCEDES-BENZ,Mercedes Maybach,精選型,汽油,Maybach S 500 4Matic 9G-TRONIC,2014,2020,N/A
MERCEDES-BENZ,Mercedes Maybach,精選型,汽油,Maybach S 500 9G-TRONIC,2014,2020,N/A
MERCEDES-BENZ,Mercedes Maybach,精選型,汽油,Maybach S 560 4Matic 9G-TRONIC,2014,2020,N/A
MERCEDES-BENZ,Mercedes Maybach,精選型,汽油,Maybach S 560 9G-TRONIC,2014,2020,N/A
MERCEDES-BENZ,Mercedes Maybach,精選型,汽油,Maybach S 600 7G-TRONIC,2014,2020,N/A
MERCEDES-BENZ,Mercedes Maybach,精選型,汽油,Maybach S 650 7G-TRONIC,2014,2020,N/A
MERCEDES-BENZ,R Klasse,旅行車,柴油,R 280 CDI 4Matic 7G-TRONIC,2005,2012,N/A
MERCEDES-BENZ,R Klasse,旅行車,柴油,"R 280 CDI 4Matic 7G-TRONIC, DPF",2005,2012,N/A
MERCEDES-BENZ,R Klasse,旅行車,汽油,R 280 7G-TRONIC,2005,2012,N/A
MERCEDES-BENZ,R Klasse,旅行車,汽油,"R 280 7G-TRONIC, Travel Edition",2005,2012,N/A
MERCEDES-BENZ,R Klasse,旅行車,汽油,R 280 L 7G-TRONIC,2005,2012,N/A
MERCEDES-BENZ,R Klasse,旅行車,汽油,"R 280 L 7G-TRONIC, Travel Edition",2005,2012,N/A
MERCEDES-BENZ,R Klasse,旅行車,汽油,R 300 7G-TRONIC,2005,2012,N/A
MERCEDES-BENZ,R Klasse,旅行車,汽油,"R 300 7G-TRONIC, Grand Edition",2005,2012,N/A
MERCEDES-BENZ,R Klasse,旅行車,汽油,R 300 L 7G-TRONIC,2005,2012,N/A
MERCEDES-BENZ,R Klasse,旅行車,汽油,"R 300 L 7G-TRONIC, Grand Edition",2005,2012,N/A
MERCEDES-BENZ,R Klasse,旅行車,汽油,R 350 4Matic 7G-TRONIC,2005,2012,N/A
MERCEDES-BENZ,R Klasse,旅行車,汽油,"R 350 4Matic 7G-TRONIC, Grand Edition",2005,2012,N/A
MERCEDES-BENZ,R Klasse,旅行車,汽油,"R 350 4Matic 7G-TRONIC, Travel Edition",2005,2012,N/A
MERCEDES-BENZ,R Klasse,旅行車,汽油,R 350 4Matic BlueEFFICIENCY 7G-TRONIC,2005,2012,N/A
MERCEDES-BENZ,R Klasse,旅行車,汽油,R 350 7G-TRONIC,2005,2012,N/A
MERCEDES-BENZ,R Klasse,旅行車,汽油,"R 350 7G-TRONIC, Grand Edition",2005,2012,N/A
MERCEDES-BENZ,R Klasse,旅行車,汽油,"R 350 7G-TRONIC, Travel Edition",2005,2012,N/A
MERCEDES-BENZ,R Klasse,旅行車,汽油,R 350 L 4Matic 7G-TRONIC,2005,2012,N/A
MERCEDES-BENZ,R Klasse,旅行車,汽油,"R 350 L 4Matic 7G-TRONIC, Grand Edition",2005,2012,N/A
MERCEDES-BENZ,R Klasse,旅行車,汽油,"R 350 L 4Matic 7G-TRONIC, Travel Edition",2005,2012,N/A
MERCEDES-BENZ,R Klasse,旅行車,汽油,R 350 L 4Matic BlueEFFICIENCY 7G-TRONIC,2005,2012,N/A
MERCEDES-BENZ,R Klasse,旅行車,汽油,R 350 L 7G-TRONIC,2005,2012,N/A
MERCEDES-BENZ,R Klasse,旅行車,汽油,"R 350 L 7G-TRONIC, Grand Edition",2005,2012,N/A
MERCEDES-BENZ,R Klasse,旅行車,汽油,"R 350 L 7G-TRONIC, Travel Edition",2005,2012,N/A
MERCEDES-BENZ,R Klasse,旅行車,汽油,R 500 4Matic 7G-TRONIC,2005,2012,N/A
MERCEDES-BENZ,R Klasse,旅行車,汽油,"R 500 4Matic 7G-TRONIC, Grand Edition",2005,2012,N/A
MERCEDES-BENZ,R Klasse,旅行車,汽油,"R 500 4Matic 7G-TRONIC, Travel Edition",2005,2012,N/A
MERCEDES-BENZ,R Klasse,旅行車,汽油,R 500 L 4Matic 7G-TRONIC,2005,2012,N/A
MERCEDES-BENZ,R Klasse,旅行車,汽油,"R 500 L 4Matic 7G-TRONIC, Grand Edition",2005,2012,N/A
MERCEDES-BENZ,R Klasse,旅行車,汽油,"R 500 L 4Matic 7G-TRONIC, Travel Edition",2005,2012,N/A
MERCEDES-BENZ,R Klasse Amg,精選型,汽油,R 63 AMG 4Matic 7G-TRONIC,2006,2007,N/A
MERCEDES-BENZ,R Klasse Amg,精選型,汽油,R 63 AMG L 4Matic 7G-TRONIC,2006,2007,N/A
MERCEDES-BENZ,S Klasse,轎車,插電式油電混合,Maybach S 580e 4Matic L 9G-TRONIC,2020,至今,N/A
MERCEDES-BENZ,S Klasse,轎車,插電式油電混合,Maybach S 580e 4Matic L 9G-TRONIC seit 03/2026,2020,至今,N/A
MERCEDES-BENZ,S Klasse,轎車,插電式油電混合,"Maybach S 580e 4Matic L 9G-TRONIC, Night Series",2020,至今,N/A
MERCEDES-BENZ,S Klasse,轎車,柴油,S 350 d 4Matic 9G-TRONIC,2020,至今,N/A
MERCEDES-BENZ,S Klasse,轎車,柴油,S 350 d 4Matic 9G-TRONIC seit 01/2026,2020,至今,N/A
MERCEDES-BENZ,S Klasse,轎車,汽油,Maybach S 580 4Matic L 9G-TRONIC,2020,至今,N/A
MERCEDES-BENZ,S Klasse,轎車,汽油,Maybach S 580 4Matic L 9G-TRONIC seit 03/2026,2020,至今,N/A
MERCEDES-BENZ,S Klasse,轎車,汽油,"Maybach S 580 4Matic L 9G-TRONIC, Night Series",2020,至今,N/A
MERCEDES-BENZ,S Klasse,轎車,汽油,"Maybach S 580 4Matic L 9G-TRONIC, Night Series seit 03/2026",2020,至今,N/A
MERCEDES-BENZ,S Klasse,轎車,汽油,Maybach S 680 4Matic L 9G-TRONIC,2020,至今,N/A
MERCEDES-BENZ,S Klasse,轎車,汽油,Maybach S 680 4Matic L 9G-TRONIC seit 03/2026,2020,至今,N/A
MERCEDES-BENZ,S Klasse,轎車,汽油,"Maybach S 680 4Matic L 9G-TRONIC, Night Series",2020,至今,N/A
MERCEDES-BENZ,S Klasse,轎車,汽油,"Maybach S 680 4Matic L 9G-TRONIC, Night Series seit 03/2026",2020,至今,N/A
MERCEDES-BENZ,S Klasse,轎車,汽油,S 450 4Matic 9G-TRONIC,2020,至今,N/A
MERCEDES-BENZ,S Klasse,轎車,汽油,S 450 4Matic 9G-TRONIC seit 01/2026,2020,至今,N/A
MERCEDES-BENZ,S Klasse,轎車,汽油,"S 450 4Matic 9G-TRONIC, Edition",2020,至今,N/A
MERCEDES-BENZ,S Klasse,轎車,汽油,S 450 4Matic L 9G-TRONIC,2020,至今,N/A
MERCEDES-BENZ,S Klasse,轎車,汽油,S 450 4Matic L 9G-TRONIC seit 01/2026,2020,至今,N/A
MERCEDES-BENZ,S Klasse,轎車,汽油,"S 450 4Matic L 9G-TRONIC, Edition",2020,至今,N/A
MERCEDES-BENZ,S Klasse,轎車,汽油,S 500 4Matic 9G-TRONIC,2020,至今,N/A
MERCEDES-BENZ,S Klasse,轎車,汽油,S 500 4Matic 9G-TRONIC seit 01/2026,2020,至今,N/A
MERCEDES-BENZ,S Klasse,轎車,汽油,"S 500 4Matic 9G-TRONIC, Edition",2020,至今,N/A
MERCEDES-BENZ,S Klasse,轎車,汽油,S 500 4Matic L 9G-TRONIC,2020,至今,N/A
MERCEDES-BENZ,S Klasse,轎車,汽油,S 500 4Matic L 9G-TRONIC seit 01/2026,2020,至今,N/A
MERCEDES-BENZ,S Klasse,轎車,汽油,"S 500 4Matic L 9G-TRONIC, Edition",2020,至今,N/A
MERCEDES-BENZ,S Klasse,轎車,汽油,S 580 4Matic 9G-TRONIC,2020,至今,N/A
MERCEDES-BENZ,S Klasse,轎車,汽油,S 580 4Matic 9G-TRONIC seit 01/2026,2020,至今,N/A
MERCEDES-BENZ,S Klasse,轎車,汽油,"S 580 4Matic 9G-TRONIC, Edition",2020,至今,N/A
MERCEDES-BENZ,S Klasse,轎車,汽油,S 580 4Matic L 9G-TRONIC,2020,至今,N/A
MERCEDES-BENZ,S Klasse,轎車,汽油,S 580 4Matic L 9G-TRONIC seit 01/2026,2020,至今,N/A
MERCEDES-BENZ,S Klasse,轎車,汽油,"S 580 4Matic L 9G-TRONIC, Edition",2020,至今,N/A
MERCEDES-BENZ,S Klasse Amg,轎車,汽油,AMG S 63 Cabrio 4Matic AMG Speedshift 7G-MCT,2013,2024,N/A
MERCEDES-BENZ,S Klasse Amg,轎車,汽油,AMG S 63 Cabrio 4Matic+ AMG Speedshift 9G-MCT,2013,2024,N/A
MERCEDES-BENZ,S Klasse Amg,轎車,汽油,AMG S 63 Cabrio 4Matic+ AMG Speedshift MCT 9G,2013,2024,N/A
MERCEDES-BENZ,S Klasse Amg,轎車,汽油,AMG S 65 Cabrio AMG Speedshift 7G-TRONIC,2013,2024,N/A
MERCEDES-BENZ,S Klasse Amg,轎車,汽油,AMG S 65 Cabrio AMG Speedshift TCT 7G,2013,2024,N/A
MERCEDES-BENZ,Sl,敞篷跑車,汽油,SL 350 7G-TRONIC,2011,2020,N/A
MERCEDES-BENZ,Sl,敞篷跑車,汽油,"SL 350 7G-TRONIC, 2LOOK Edition",2011,2020,N/A
MERCEDES-BENZ,Sl,敞篷跑車,汽油,"SL 350 7G-TRONIC, Edition 1",2011,2020,N/A
MERCEDES-BENZ,Sl,敞篷跑車,汽油,SL 400 7G-TRONIC,2011,2020,N/A
MERCEDES-BENZ,Sl,敞篷跑車,汽油,"SL 400 7G-TRONIC, 2LOOK Edition",2011,2020,N/A
MERCEDES-BENZ,Sl,敞篷跑車,汽油,"SL 400 7G-TRONIC, Mille Miglia",2011,2020,N/A
MERCEDES-BENZ,Sl,敞篷跑車,汽油,SL 400 9G-TRONIC,2011,2020,N/A
MERCEDES-BENZ,Sl,敞篷跑車,汽油,"SL 400 9G-TRONIC, Grand Edition",2011,2020,N/A
MERCEDES-BENZ,Sl,敞篷跑車,汽油,"SL 400 9G-TRONIC, designo edition",2011,2020,N/A
MERCEDES-BENZ,Sl,敞篷跑車,汽油,SL 500 7G-TRONIC,2011,2020,N/A
MERCEDES-BENZ,Sl,敞篷跑車,汽油,"SL 500 7G-TRONIC, 2LOOK Edition",2011,2020,N/A
MERCEDES-BENZ,Sl,敞篷跑車,汽油,"SL 500 7G-TRONIC, Edition 1",2011,2020,N/A
MERCEDES-BENZ,Sl,敞篷跑車,汽油,"SL 500 7G-TRONIC, Mille Miglia",2011,2020,N/A
MERCEDES-BENZ,Sl,敞篷跑車,汽油,SL 500 9G-TRONIC,2011,2020,N/A
MERCEDES-BENZ,Sl,敞篷跑車,汽油,"SL 500 9G-TRONIC, Grand Edition",2011,2020,N/A
MERCEDES-BENZ,Sl,敞篷跑車,汽油,"SL 500 9G-TRONIC, designo edition",2011,2020,N/A
MERCEDES-BENZ,Sl,敞篷跑車,汽油,SL 65 AMG AMG Speedshift Plus 7G-TRONIC,2011,2020,N/A
MERCEDES-BENZ,Sl,敞篷跑車,汽油,"SL 65 AMG AMG Speedshift Plus 7G-TRONIC, 2LOOK Edition",2011,2020,N/A
MERCEDES-BENZ,Slc,敞篷跑車,柴油,SLC 250 d 9G-TRONIC,2011,2020,N/A
MERCEDES-BENZ,Slc,敞篷跑車,柴油,"SLC 250 d 9G-TRONIC, RedArt Edition",2011,2020,N/A
MERCEDES-BENZ,Slc,敞篷跑車,柴油,SLK 250 CDI (BlueEFFICIENCY),2011,2020,N/A
MERCEDES-BENZ,Slc,敞篷跑車,汽油,SLC 180,2011,2020,N/A
MERCEDES-BENZ,Slc,敞篷跑車,汽油,SLC 180 9G-TRONIC,2011,2020,N/A
MERCEDES-BENZ,Slc,敞篷跑車,汽油,"SLC 180 9G-TRONIC, RedArt Edition",2011,2020,N/A
MERCEDES-BENZ,Slc,敞篷跑車,汽油,"SLC 180, RedArt Edition",2011,2020,N/A
MERCEDES-BENZ,Slc,敞篷跑車,汽油,SLC 200,2011,2020,N/A
MERCEDES-BENZ,Slc,敞篷跑車,汽油,SLC 200 9G-TRONIC,2011,2020,N/A
MERCEDES-BENZ,Slc,敞篷跑車,汽油,"SLC 200 9G-TRONIC, Final Edition",2011,2020,N/A
MERCEDES-BENZ,Slc,敞篷跑車,汽油,"SLC 200 9G-TRONIC, RedArt Edition",2011,2020,N/A
MERCEDES-BENZ,Slc,敞篷跑車,汽油,"SLC 200, Final Edition",2011,2020,N/A
MERCEDES-BENZ,Slc,敞篷跑車,汽油,"SLC 200, RedArt Edition",2011,2020,N/A
MERCEDES-BENZ,Slc,敞篷跑車,汽油,SLC 300 9G-TRONIC,2011,2020,N/A
MERCEDES-BENZ,Slc,敞篷跑車,汽油,"SLC 300 9G-TRONIC, Final Edition",2011,2020,N/A
MERCEDES-BENZ,Slc,敞篷跑車,汽油,"SLC 300 9G-TRONIC, RedArt Edition",2011,2020,N/A
MERCEDES-BENZ,Slc,敞篷跑車,汽油,SLK 200,2011,2020,N/A
MERCEDES-BENZ,Slc,敞篷跑車,汽油,SLK 200 (BlueEFFICIENCY),2011,2020,N/A
MERCEDES-BENZ,Slc,敞篷跑車,汽油,SLK 200 (BlueEFFICIENCY) 7G-TRONIC,2011,2020,N/A
MERCEDES-BENZ,Slc,敞篷跑車,汽油,"SLK 200 (BlueEFFICIENCY) 7G-TRONIC, CarbonLOOK Edition",2011,2020,N/A
MERCEDES-BENZ,Slc,敞篷跑車,汽油,"SLK 200 (BlueEFFICIENCY), CarbonLOOK Edition",2011,2020,N/A
MERCEDES-BENZ,Slc,敞篷跑車,汽油,SLK 200 9G-TRONIC,2011,2020,N/A
MERCEDES-BENZ,Slc,敞篷跑車,汽油,"SLK 200 BlueEFFICIENCY 7G-TRONIC, Edition 1",2011,2020,N/A
MERCEDES-BENZ,Slc,敞篷跑車,汽油,"SLK 200 BlueEFFICIENCY 7G-TRONIC, Roadster pur",2011,2020,N/A
MERCEDES-BENZ,Slc,敞篷跑車,汽油,"SLK 200 BlueEFFICIENCY, Edition 1",2011,2020,N/A
MERCEDES-BENZ,Slc,敞篷跑車,汽油,"SLK 200 BlueEFFICIENCY, Roadster pur",2011,2020,N/A
MERCEDES-BENZ,Slc,敞篷跑車,汽油,SLK 250 (BlueEFFICIENCY),2011,2020,N/A
MERCEDES-BENZ,Slc,敞篷跑車,汽油,SLK 250 (BlueEFFICIENCY) 7G-TRONIC,2011,2020,N/A
MERCEDES-BENZ,Slc,敞篷跑車,汽油,"SLK 250 (BlueEFFICIENCY) 7G-TRONIC, CarbonLOOK Edition",2011,2020,N/A
MERCEDES-BENZ,Slc,敞篷跑車,汽油,"SLK 250 (BlueEFFICIENCY), CarbonLOOK Edition",2011,2020,N/A
MERCEDES-BENZ,Slc,敞篷跑車,汽油,"SLK 250 BlueEFFICIENCY 7G-TRONIC, Edition 1",2011,2020,N/A
MERCEDES-BENZ,Slc,敞篷跑車,汽油,SLK 300 9G-TRONIC,2011,2020,N/A
MERCEDES-BENZ,Slc,敞篷跑車,汽油,SLK 350 (BlueEFFICIENCY) 7G-TRONIC,2011,2020,N/A
MERCEDES-BENZ,Slc,敞篷跑車,汽油,"SLK 350 (BlueEFFICIENCY) 7G-TRONIC, CarbonLOOK Edition",2011,2020,N/A
MERCEDES-BENZ,Slc,敞篷跑車,汽油,"SLK 350 BlueEFFICIENCY 7G-TRONIC, Edition 1",2011,2020,N/A
MERCEDES-BENZ,Slc Amg,敞篷跑車,汽油,AMG SLC 43  9G-TRONIC,2011,2020,N/A
MERCEDES-BENZ,Slc Amg,敞篷跑車,汽油,"AMG SLC 43  9G-TRONIC, Final Edition AMG",2011,2020,N/A
MERCEDES-BENZ,Slc Amg,敞篷跑車,汽油,"AMG SLC 43  9G-TRONIC, RedArt Edition",2011,2020,N/A
MERCEDES-BENZ,Slc Amg,敞篷跑車,汽油,"AMG SLC 43 9G-TRONIC, AMG RedArt Edition",2011,2020,N/A
MERCEDES-BENZ,Slc Amg,敞篷跑車,汽油,SLK 55 AMG AMG Speedshift 7G-TRONIC,2011,2020,N/A
MERCEDES-BENZ,Slc Amg,敞篷跑車,汽油,"SLK 55 AMG AMG Speedshift 7G-TRONIC, CarbonLOOK Edition",2011,2020,N/A
MERCEDES-BENZ,Slc Amg,敞篷跑車,汽油,"SLK 55 AMG AMG Speedshift 7G-TRONIC, Edition 1",2011,2020,N/A
MERCEDES-BENZ,Slr,敞篷車,汽油,SLR McLaren Coupe,2003,2009,N/A
MERCEDES-BENZ,Sprinter,貨車,柴油,211 CDI Sprinter Kompakt HA  (OM654),2018,至今,N/A
MERCEDES-BENZ,Sprinter,貨車,柴油,211 CDI Sprinter Kompakt HA 9G-TRONIC  (OM654),2018,至今,N/A
MERCEDES-BENZ,Sprinter,貨車,柴油,211 CDI Sprinter Kompakt VA,2018,至今,N/A
MERCEDES-BENZ,Sprinter,貨車,柴油,211 CDI Sprinter Kompakt VA (OM654),2018,至今,N/A
MERCEDES-BENZ,Sprinter,貨車,柴油,211 CDI Sprinter Kompakt VA 9G-TRONIC,2018,至今,N/A
MERCEDES-BENZ,Sprinter,貨車,柴油,211 CDI Sprinter Kompakt VA 9G-TRONIC (OM654),2018,至今,N/A
MERCEDES-BENZ,Sprinter,貨車,柴油,211 CDI Sprinter Standard HA,2018,至今,N/A
MERCEDES-BENZ,Sprinter,貨車,柴油,211 CDI Sprinter Standard HA  (OM654),2018,至今,N/A
MERCEDES-BENZ,Sprinter,貨車,柴油,211 CDI Sprinter Standard HA 7G-TRONIC Plus,2018,至今,N/A
MERCEDES-BENZ,Sprinter,貨車,柴油,211 CDI Sprinter Standard HA 9G-TRONIC  (OM654),2018,至今,N/A
MERCEDES-BENZ,Sprinter,貨車,柴油,"211 CDI Sprinter Standard HA 9G-TRONIC, BASE seit 03/2024",2018,至今,N/A
MERCEDES-BENZ,Sprinter,貨車,柴油,"211 CDI Sprinter Standard HA 9G-TRONIC, PRO seit 03/2024",2018,至今,N/A
MERCEDES-BENZ,Sprinter,貨車,柴油,"211 CDI Sprinter Standard HA, BASE seit 03/2024",2018,至今,N/A
MERCEDES-BENZ,Sprinter,貨車,柴油,"211 CDI Sprinter Standard HA, PRO seit 03/2024",2018,至今,N/A
MERCEDES-BENZ,Sprinter,貨車,柴油,211 CDI Sprinter Standard VA,2018,至今,N/A
MERCEDES-BENZ,Sprinter,貨車,柴油,211 CDI Sprinter Standard VA (OM654),2018,至今,N/A
MERCEDES-BENZ,Sprinter,貨車,柴油,211 CDI Sprinter Standard VA 9G-TRONIC,2018,至今,N/A
MERCEDES-BENZ,Sprinter,貨車,柴油,211 CDI Sprinter Standard VA 9G-TRONIC (OM654),2018,至今,N/A
MERCEDES-BENZ,Sprinter,貨車,柴油,"211 CDI Sprinter Standard VA 9G-TRONIC, BASE seit 03/2024",2018,至今,N/A
MERCEDES-BENZ,Sprinter,貨車,柴油,"211 CDI Sprinter Standard VA 9G-TRONIC, PRO seit 03/2024",2018,至今,N/A
MERCEDES-BENZ,Sprinter,貨車,柴油,"211 CDI Sprinter Standard VA, BASE seit 03/2024",2018,至今,N/A
MERCEDES-BENZ,Sprinter,貨車,柴油,"211 CDI Sprinter Standard VA, PRO seit 03/2024",2018,至今,N/A
MERCEDES-BENZ,Sprinter,貨車,柴油,214 CDI Sprinter Kompakt HA,2018,至今,N/A
MERCEDES-BENZ,Sprinter,貨車,柴油,214 CDI Sprinter Kompakt HA 7G-TRONIC Plus,2018,至今,N/A
MERCEDES-BENZ,Sprinter,貨車,柴油,214 CDI Sprinter Kompakt VA,2018,至今,N/A
MERCEDES-BENZ,Sprinter,貨車,柴油,214 CDI Sprinter Kompakt VA 9G-TRONIC,2018,至今,N/A
MERCEDES-BENZ,Sprinter,貨車,柴油,214 CDI Sprinter Standard HA,2018,至今,N/A
MERCEDES-BENZ,Sprinter,貨車,柴油,214 CDI Sprinter Standard HA 7G-TRONIC Plus,2018,至今,N/A
MERCEDES-BENZ,Sprinter,貨車,柴油,214 CDI Sprinter Standard VA,2018,至今,N/A
MERCEDES-BENZ,Sprinter,貨車,柴油,214 CDI Sprinter Standard VA 9G-TRONIC,2018,至今,N/A
MERCEDES-BENZ,Sprinter,貨車,柴油,215 CDI Sprinter Kompakt HA,2018,至今,N/A
MERCEDES-BENZ,Sprinter,貨車,柴油,215 CDI Sprinter Kompakt HA 9G-Tronic,2018,至今,N/A
MERCEDES-BENZ,Sprinter,貨車,柴油,215 CDI Sprinter Kompakt VA,2018,至今,N/A
MERCEDES-BENZ,Sprinter,貨車,柴油,215 CDI Sprinter Kompakt VA 9G-TRONIC,2018,至今,N/A
MERCEDES-BENZ,Sprinter,貨車,柴油,215 CDI Sprinter Standard HA,2018,至今,N/A
MERCEDES-BENZ,Sprinter,貨車,柴油,"215 CDI Sprinter Standard HA 9G-TRONIC, BASE seit 03/2024",2018,至今,N/A
MERCEDES-BENZ,Sprinter,貨車,柴油,"215 CDI Sprinter Standard HA 9G-TRONIC, PRO seit 03/2024",2018,至今,N/A
MERCEDES-BENZ,Sprinter,貨車,柴油,"215 CDI Sprinter Standard HA 9G-TRONIC, SELECT seit 03/2024",2018,至今,N/A
MERCEDES-BENZ,Sprinter,貨車,柴油,215 CDI Sprinter Standard HA 9G-Tronic,2018,至今,N/A
MERCEDES-BENZ,Sprinter,貨車,柴油,"215 CDI Sprinter Standard HA, BASE seit 03/2024",2018,至今,N/A
MERCEDES-BENZ,Sprinter,貨車,柴油,"215 CDI Sprinter Standard HA, PRO seit 03/2024",2018,至今,N/A
MERCEDES-BENZ,Sprinter,貨車,柴油,"215 CDI Sprinter Standard HA, SELECT seit 03/2024",2018,至今,N/A
MERCEDES-BENZ,Sprinter,貨車,柴油,215 CDI Sprinter Standard VA,2018,至今,N/A
MERCEDES-BENZ,Sprinter,貨車,柴油,215 CDI Sprinter Standard VA 9G-TRONIC,2018,至今,N/A
MERCEDES-BENZ,Sprinter,貨車,柴油,"215 CDI Sprinter Standard VA 9G-TRONIC, BASE seit 03/2024",2018,至今,N/A
MERCEDES-BENZ,Sprinter,貨車,柴油,"215 CDI Sprinter Standard VA 9G-TRONIC, PRO seit 03/2024",2018,至今,N/A
MERCEDES-BENZ,Sprinter,貨車,柴油,"215 CDI Sprinter Standard VA 9G-TRONIC, SELECT seit 03/2024",2018,至今,N/A
MERCEDES-BENZ,Sprinter,貨車,柴油,"215 CDI Sprinter Standard VA, BASE seit 03/2024",2018,至今,N/A
MERCEDES-BENZ,Sprinter,貨車,柴油,"215 CDI Sprinter Standard VA, PRO seit 03/2024",2018,至今,N/A
MERCEDES-BENZ,Sprinter,貨車,柴油,"215 CDI Sprinter Standard VA, SELECT seit 03/2024",2018,至今,N/A
MERCEDES-BENZ,Sprinter,貨車,柴油,216 CDI Sprinter Kompakt HA,2018,至今,N/A
MERCEDES-BENZ,Sprinter,貨車,柴油,216 CDI Sprinter Kompakt HA 7G-TRONIC Plus,2018,至今,N/A
MERCEDES-BENZ,Sprinter,貨車,柴油,216 CDI Sprinter Standard HA,2018,至今,N/A
MERCEDES-BENZ,Sprinter,貨車,柴油,216 CDI Sprinter Standard HA 7G-TRONIC Plus,2018,至今,N/A
MERCEDES-BENZ,Sprinter,貨車,柴油,217 CDI Sprinter Kompakt HA,2018,至今,N/A
MERCEDES-BENZ,Sprinter,貨車,柴油,217 CDI Sprinter Kompakt HA 9G-Tronic,2018,至今,N/A
MERCEDES-BENZ,Sprinter,貨車,柴油,217 CDI Sprinter Standard HA,2018,至今,N/A
MERCEDES-BENZ,Sprinter,貨車,柴油,"217 CDI Sprinter Standard HA 9G-TRONIC, BASE seit 03/2024",2018,至今,N/A
MERCEDES-BENZ,Sprinter,貨車,柴油,"217 CDI Sprinter Standard HA 9G-TRONIC, PRO seit 03/2024",2018,至今,N/A
MERCEDES-BENZ,Sprinter,貨車,柴油,"217 CDI Sprinter Standard HA 9G-TRONIC, SELECT seit 03/2024",2018,至今,N/A
MERCEDES-BENZ,Sprinter,貨車,柴油,217 CDI Sprinter Standard HA 9G-Tronic,2018,至今,N/A
MERCEDES-BENZ,Sprinter,貨車,柴油,"217 CDI Sprinter Standard HA, BASE seit 03/2024",2018,至今,N/A
MERCEDES-BENZ,Sprinter,貨車,柴油,"217 CDI Sprinter Standard HA, PRO seit 03/2024",2018,至今,N/A
MERCEDES-BENZ,Sprinter,貨車,柴油,"217 CDI Sprinter Standard HA, SELECT seit 03/2024",2018,至今,N/A
MERCEDES-BENZ,Sprinter,貨車,柴油,311 CDI Sprinter Kompakt HA,2018,至今,N/A
MERCEDES-BENZ,Sprinter,貨車,柴油,311 CDI Sprinter Kompakt HA  (OM654),2018,至今,N/A
MERCEDES-BENZ,Sprinter,貨車,柴油,311 CDI Sprinter Kompakt HA (OM654),2018,至今,N/A
MERCEDES-BENZ,Sprinter,貨車,柴油,311 CDI Sprinter Kompakt HA 7G-TRONIC Plus,2018,至今,N/A
MERCEDES-BENZ,Sprinter,貨車,柴油,311 CDI Sprinter Kompakt HA 7G-Tronic Plus,2018,至今,N/A
MERCEDES-BENZ,Sprinter,貨車,柴油,311 CDI Sprinter Kompakt HA 9G-Tronic  (OM654),2018,至今,N/A
MERCEDES-BENZ,Sprinter,貨車,柴油,311 CDI Sprinter Kompakt VA,2018,至今,N/A
MERCEDES-BENZ,Sprinter,貨車,柴油,311 CDI Sprinter Kompakt VA (OM654),2018,至今,N/A
MERCEDES-BENZ,Sprinter,貨車,柴油,311 CDI Sprinter Kompakt VA 9G-TRONIC,2018,至今,N/A
MERCEDES-BENZ,Sprinter,貨車,柴油,311 CDI Sprinter Kompakt VA 9G-TRONIC (OM654),2018,至今,N/A
MERCEDES-BENZ,Sprinter,貨車,柴油,311 CDI Sprinter Lang HA,2018,至今,N/A
MERCEDES-BENZ,Sprinter,貨車,柴油,311 CDI Sprinter Lang HA  (OM654),2018,至今,N/A
MERCEDES-BENZ,Sprinter,貨車,柴油,311 CDI Sprinter Lang HA 7G-TRONIC Plus,2018,至今,N/A
MERCEDES-BENZ,Sprinter,貨車,柴油,311 CDI Sprinter Lang HA 9G-TRONIC  (OM654),2018,至今,N/A
MERCEDES-BENZ,Sprinter,貨車,柴油,"311 CDI Sprinter Lang HA 9G-TRONIC, BASE seit 03/2024",2018,至今,N/A
MERCEDES-BENZ,Sprinter,貨車,柴油,"311 CDI Sprinter Lang HA 9G-TRONIC, PRO seit 03/2024",2018,至今,N/A
MERCEDES-BENZ,Sprinter,貨車,柴油,"311 CDI Sprinter Lang HA, BASE seit 03/2024",2018,至今,N/A
MERCEDES-BENZ,Sprinter,貨車,柴油,"311 CDI Sprinter Lang HA, PRO seit 03/2024",2018,至今,N/A
MERCEDES-BENZ,Sprinter,貨車,柴油,311 CDI Sprinter Standard HA,2018,至今,N/A
MERCEDES-BENZ,Sprinter,貨車,柴油,311 CDI Sprinter Standard HA  (OM654),2018,至今,N/A
MERCEDES-BENZ,Sprinter,貨車,柴油,311 CDI Sprinter Standard HA (OM654),2018,至今,N/A
MERCEDES-BENZ,Sprinter,貨車,柴油,311 CDI Sprinter Standard HA 7G-TRONIC Plus,2018,至今,N/A
MERCEDES-BENZ,Sprinter,貨車,柴油,311 CDI Sprinter Standard HA 7G-Tronic Plus,2018,至今,N/A
MERCEDES-BENZ,Sprinter,貨車,柴油,"311 CDI Sprinter Standard HA 9G-TRONIC, BASE seit 03/2024",2018,至今,N/A
MERCEDES-BENZ,Sprinter,貨車,柴油,"311 CDI Sprinter Standard HA 9G-TRONIC, PRO seit 03/2024",2018,至今,N/A
MERCEDES-BENZ,Sprinter,貨車,柴油,311 CDI Sprinter Standard HA 9G-Tronic  (OM654),2018,至今,N/A
MERCEDES-BENZ,Sprinter,貨車,柴油,"311 CDI Sprinter Standard HA, BASE seit 03/2024",2018,至今,N/A
MERCEDES-BENZ,Sprinter,貨車,柴油,"311 CDI Sprinter Standard HA, PRO seit 03/2024",2018,至今,N/A
MERCEDES-BENZ,Sprinter,貨車,柴油,311 CDI Sprinter Standard VA,2018,至今,N/A
MERCEDES-BENZ,Sprinter,貨車,柴油,311 CDI Sprinter Standard VA (OM654),2018,至今,N/A
MERCEDES-BENZ,Sprinter,貨車,柴油,311 CDI Sprinter Standard VA 9G-TRONIC,2018,至今,N/A
MERCEDES-BENZ,Sprinter,貨車,柴油,311 CDI Sprinter Standard VA 9G-TRONIC (OM654),2018,至今,N/A
MERCEDES-BENZ,Sprinter,貨車,柴油,"311 CDI Sprinter Standard VA 9G-TRONIC, BASE seit 03/2024",2018,至今,N/A
MERCEDES-BENZ,Sprinter,貨車,柴油,"311 CDI Sprinter Standard VA 9G-TRONIC, PRO seit 03/2024",2018,至今,N/A
MERCEDES-BENZ,Sprinter,貨車,柴油,"311 CDI Sprinter Standard VA, BASE seit 03/2024",2018,至今,N/A
MERCEDES-BENZ,Sprinter,貨車,柴油,"311 CDI Sprinter Standard VA, PRO seit 03/2024",2018,至今,N/A
MERCEDES-BENZ,Sprinter,貨車,柴油,314 CDI Sprinter 4x4 Kompakt HA,2018,至今,N/A
MERCEDES-BENZ,Sprinter,貨車,柴油,314 CDI Sprinter 4x4 Kompakt HA 7G-TRONIC Plus,2018,至今,N/A
MERCEDES-BENZ,Sprinter,貨車,柴油,314 CDI Sprinter 4x4 Lang HA,2018,至今,N/A
MERCEDES-BENZ,Sprinter,貨車,柴油,314 CDI Sprinter 4x4 Lang HA 7G-TRONIC Plus,2018,至今,N/A
MERCEDES-BENZ,Sprinter,貨車,柴油,314 CDI Sprinter 4x4 Standard HA,2018,至今,N/A
MERCEDES-BENZ,Sprinter,貨車,柴油,314 CDI Sprinter 4x4 Standard HA 7G-TRONIC Plus,2018,至今,N/A
MERCEDES-BENZ,Sprinter,貨車,柴油,314 CDI Sprinter Kompakt HA,2018,至今,N/A
MERCEDES-BENZ,Sprinter,貨車,柴油,314 CDI Sprinter Kompakt HA 7G-TRONIC Plus,2018,至今,N/A
MERCEDES-BENZ,Sprinter,貨車,柴油,314 CDI Sprinter Kompakt VA,2018,至今,N/A
MERCEDES-BENZ,Sprinter,貨車,柴油,314 CDI Sprinter Kompakt VA 9G-TRONIC,2018,至今,N/A
MERCEDES-BENZ,Sprinter,貨車,柴油,314 CDI Sprinter Lang HA,2018,至今,N/A
MERCEDES-BENZ,Sprinter,貨車,柴油,314 CDI Sprinter Lang HA 7G-TRONIC Plus,2018,至今,N/A
MERCEDES-BENZ,Sprinter,貨車,柴油,314 CDI Sprinter Standard HA,2018,至今,N/A
MERCEDES-BENZ,Sprinter,貨車,柴油,314 CDI Sprinter Standard HA 7G-TRONIC Plus,2018,至今,N/A
MERCEDES-BENZ,Sprinter,貨車,柴油,314 CDI Sprinter Standard VA,2018,至今,N/A
MERCEDES-BENZ,Sprinter,貨車,柴油,314 CDI Sprinter Standard VA 9G-TRONIC,2018,至今,N/A
MERCEDES-BENZ,Sprinter,貨車,柴油,315 CDI Sprinter Kompakt HA,2018,至今,N/A
MERCEDES-BENZ,Sprinter,貨車,柴油,315 CDI Sprinter Kompakt HA 9G-Tronic,2018,至今,N/A
MERCEDES-BENZ,Sprinter,貨車,柴油,315 CDI Sprinter Kompakt VA,2018,至今,N/A
MERCEDES-BENZ,Sprinter,貨車,柴油,315 CDI Sprinter Kompakt VA 9G-TRONIC,2018,至今,N/A
MERCEDES-BENZ,Sprinter,貨車,柴油,315 CDI Sprinter Lang HA,2018,至今,N/A
MERCEDES-BENZ,Sprinter,貨車,柴油,"315 CDI Sprinter Lang HA 9G-TRONIC, BASE seit 03/2024",2018,至今,N/A
MERCEDES-BENZ,Sprinter,貨車,柴油,"315 CDI Sprinter Lang HA 9G-TRONIC, PRO seit 03/2024",2018,至今,N/A
MERCEDES-BENZ,Sprinter,貨車,柴油,"315 CDI Sprinter Lang HA 9G-TRONIC, SELECT seit 03/2024",2018,至今,N/A
MERCEDES-BENZ,Sprinter,貨車,柴油,315 CDI Sprinter Lang HA 9G-Tronic,2018,至今,N/A
MERCEDES-BENZ,Sprinter,貨車,柴油,"315 CDI Sprinter Lang HA, BASE seit 03/2024",2018,至今,N/A
MERCEDES-BENZ,Sprinter,貨車,柴油,"315 CDI Sprinter Lang HA, PRO seit 03/2024",2018,至今,N/A
MERCEDES-BENZ,Sprinter,貨車,柴油,"315 CDI Sprinter Lang HA, SELECT seit 03/2024",2018,至今,N/A
MERCEDES-BENZ,Sprinter,貨車,柴油,315 CDI Sprinter Standard HA,2018,至今,N/A
MERCEDES-BENZ,Sprinter,貨車,柴油,"315 CDI Sprinter Standard HA 9G-TRONIC, BASE seit 03/2024",2018,至今,N/A
MERCEDES-BENZ,Sprinter,貨車,柴油,"315 CDI Sprinter Standard HA 9G-TRONIC, PRO seit 03/2024",2018,至今,N/A
MERCEDES-BENZ,Sprinter,貨車,柴油,"315 CDI Sprinter Standard HA 9G-TRONIC, SELECT seit 03/2024",2018,至今,N/A
MERCEDES-BENZ,Sprinter,貨車,柴油,315 CDI Sprinter Standard HA 9G-Tronic,2018,至今,N/A
MERCEDES-BENZ,Sprinter,貨車,柴油,"315 CDI Sprinter Standard HA, BASE seit 03/2024",2018,至今,N/A
MERCEDES-BENZ,Sprinter,貨車,柴油,"315 CDI Sprinter Standard HA, PRO seit 03/2024",2018,至今,N/A
MERCEDES-BENZ,Sprinter,貨車,柴油,"315 CDI Sprinter Standard HA, SELECT seit 03/2024",2018,至今,N/A
MERCEDES-BENZ,Sprinter,貨車,柴油,315 CDI Sprinter Standard VA,2018,至今,N/A
MERCEDES-BENZ,Sprinter,貨車,柴油,315 CDI Sprinter Standard VA 9G-TRONIC,2018,至今,N/A
MERCEDES-BENZ,Sprinter,貨車,柴油,"315 CDI Sprinter Standard VA 9G-TRONIC, BASE seit 03/2024",2018,至今,N/A
MERCEDES-BENZ,Sprinter,貨車,柴油,"315 CDI Sprinter Standard VA 9G-TRONIC, PRO seit 03/2024",2018,至今,N/A
MERCEDES-BENZ,Sprinter,貨車,柴油,"315 CDI Sprinter Standard VA 9G-TRONIC, SELECT seit 03/2024",2018,至今,N/A
MERCEDES-BENZ,Sprinter,貨車,柴油,"315 CDI Sprinter Standard VA, BASE seit 03/2024",2018,至今,N/A
MERCEDES-BENZ,Sprinter,貨車,柴油,"315 CDI Sprinter Standard VA, PRO seit 03/2024",2018,至今,N/A
MERCEDES-BENZ,Sprinter,貨車,柴油,"315 CDI Sprinter Standard VA, SELECT seit 03/2024",2018,至今,N/A
MERCEDES-BENZ,Sprinter,貨車,柴油,316 CDI Sprinter 4x4 Kompakt HA,2018,至今,N/A
MERCEDES-BENZ,Sprinter,貨車,柴油,316 CDI Sprinter 4x4 Kompakt HA 7G-TRONIC Plus,2018,至今,N/A
MERCEDES-BENZ,Sprinter,貨車,柴油,316 CDI Sprinter 4x4 Lang HA,2018,至今,N/A
MERCEDES-BENZ,Sprinter,貨車,柴油,316 CDI Sprinter 4x4 Lang HA 7G-TRONIC Plus,2018,至今,N/A
MERCEDES-BENZ,Sprinter,貨車,柴油,316 CDI Sprinter 4x4 Standard HA,2018,至今,N/A
MERCEDES-BENZ,Sprinter,貨車,柴油,316 CDI Sprinter 4x4 Standard HA 7G-TRONIC Plus,2018,至今,N/A
MERCEDES-BENZ,Sprinter,貨車,柴油,316 CDI Sprinter Kompakt HA,2018,至今,N/A
MERCEDES-BENZ,Sprinter,貨車,柴油,316 CDI Sprinter Kompakt HA 7G-TRONIC Plus,2018,至今,N/A
MERCEDES-BENZ,Sprinter,貨車,柴油,316 CDI Sprinter Lang HA,2018,至今,N/A
MERCEDES-BENZ,Sprinter,貨車,柴油,316 CDI Sprinter Lang HA 7G-TRONIC Plus,2018,至今,N/A
MERCEDES-BENZ,Sprinter,貨車,柴油,316 CDI Sprinter Standard HA,2018,至今,N/A
MERCEDES-BENZ,Sprinter,貨車,柴油,316 CDI Sprinter Standard HA 7G-TRONIC Plus,2018,至今,N/A
MERCEDES-BENZ,Sprinter,貨車,柴油,317 CDI Sprinter Kompakt HA,2018,至今,N/A
MERCEDES-BENZ,Sprinter,貨車,柴油,317 CDI Sprinter Kompakt HA 9G-Tronic,2018,至今,N/A
MERCEDES-BENZ,Sprinter,貨車,柴油,317 CDI Sprinter Kompakt VA,2018,至今,N/A
MERCEDES-BENZ,Sprinter,貨車,柴油,317 CDI Sprinter Kompakt VA 9G-Tronic,2018,至今,N/A
MERCEDES-BENZ,Sprinter,貨車,柴油,317 CDI Sprinter Lang HA,2018,至今,N/A
MERCEDES-BENZ,Sprinter,貨車,柴油,317 CDI Sprinter Lang HA 9G-TRONIC,2018,至今,N/A
MERCEDES-BENZ,Sprinter,貨車,柴油,"317 CDI Sprinter Lang HA 9G-TRONIC, BASE seit 03/2024",2018,至今,N/A
MERCEDES-BENZ,Sprinter,貨車,柴油,"317 CDI Sprinter Lang HA 9G-TRONIC, PRO seit 03/2024",2018,至今,N/A
MERCEDES-BENZ,Sprinter,貨車,柴油,"317 CDI Sprinter Lang HA 9G-TRONIC, SELECT seit 03/2024",2018,至今,N/A
MERCEDES-BENZ,Sprinter,貨車,柴油,317 CDI Sprinter Lang HA 9G-Tronic,2018,至今,N/A
MERCEDES-BENZ,Sprinter,貨車,柴油,"317 CDI Sprinter Lang HA, BASE seit 03/2024",2018,至今,N/A
MERCEDES-BENZ,Sprinter,貨車,柴油,"317 CDI Sprinter Lang HA, PRO seit 03/2024",2018,至今,N/A
MERCEDES-BENZ,Sprinter,貨車,柴油,"317 CDI Sprinter Lang HA, SELECT seit 03/2024",2018,至今,N/A
MERCEDES-BENZ,Sprinter,貨車,柴油,317 CDI Sprinter Standard HA,2018,至今,N/A
MERCEDES-BENZ,Sprinter,貨車,柴油,"317 CDI Sprinter Standard HA 9G-TRONIC, BASE seit 03/2024",2018,至今,N/A
MERCEDES-BENZ,Sprinter,貨車,柴油,"317 CDI Sprinter Standard HA 9G-TRONIC, PRO seit 03/2024",2018,至今,N/A
MERCEDES-BENZ,Sprinter,貨車,柴油,"317 CDI Sprinter Standard HA 9G-TRONIC, SELECT seit 03/2024",2018,至今,N/A
MERCEDES-BENZ,Sprinter,貨車,柴油,317 CDI Sprinter Standard HA 9G-Tronic,2018,至今,N/A
MERCEDES-BENZ,Sprinter,貨車,柴油,"317 CDI Sprinter Standard HA, BASE seit 03/2024",2018,至今,N/A
MERCEDES-BENZ,Sprinter,貨車,柴油,"317 CDI Sprinter Standard HA, PRO seit 03/2024",2018,至今,N/A
MERCEDES-BENZ,Sprinter,貨車,柴油,"317 CDI Sprinter Standard HA, SELECT seit 03/2024",2018,至今,N/A
MERCEDES-BENZ,Sprinter,貨車,柴油,317 CDI Sprinter Standard VA,2018,至今,N/A
MERCEDES-BENZ,Sprinter,貨車,柴油,317 CDI Sprinter Standard VA 9G-TRONIC (OM654),2018,至今,N/A
MERCEDES-BENZ,Sprinter,貨車,柴油,"317 CDI Sprinter Standard VA 9G-TRONIC, BASE seit 03/2024",2018,至今,N/A
MERCEDES-BENZ,Sprinter,貨車,柴油,"317 CDI Sprinter Standard VA 9G-TRONIC, PRO seit 03/2024",2018,至今,N/A
MERCEDES-BENZ,Sprinter,貨車,柴油,"317 CDI Sprinter Standard VA 9G-TRONIC, SELECT seit 03/2024",2018,至今,N/A
MERCEDES-BENZ,Sprinter,貨車,柴油,317 CDI Sprinter Standard VA 9G-Tronic,2018,至今,N/A
MERCEDES-BENZ,Sprinter,貨車,柴油,319 CDI Sprinter 4x4 Kompakt HA 7G-TRONIC Plus,2018,至今,N/A
MERCEDES-BENZ,Sprinter,貨車,柴油,319 CDI Sprinter 4x4 Lang 9G-TRONIC,2018,至今,N/A
MERCEDES-BENZ,Sprinter,貨車,柴油,"319 CDI Sprinter 4x4 Lang 9G-TRONIC, PRO seit 03/2024",2018,至今,N/A
MERCEDES-BENZ,Sprinter,貨車,柴油,"319 CDI Sprinter 4x4 Lang 9G-TRONIC, SELECT seit 03/2024",2018,至今,N/A
MERCEDES-BENZ,Sprinter,貨車,柴油,319 CDI Sprinter 4x4 Lang HA 7G-TRONIC Plus,2018,至今,N/A
MERCEDES-BENZ,Sprinter,貨車,柴油,319 CDI Sprinter 4x4 Standard 9G-TRONIC,2018,至今,N/A
MERCEDES-BENZ,Sprinter,貨車,柴油,"319 CDI Sprinter 4x4 Standard 9G-TRONIC, PRO seit 03/2024",2018,至今,N/A
MERCEDES-BENZ,Sprinter,貨車,柴油,"319 CDI Sprinter 4x4 Standard 9G-TRONIC, SELECT seit 03/2024",2018,至今,N/A
MERCEDES-BENZ,Sprinter,貨車,柴油,319 CDI Sprinter 4x4 Standard HA 7G-TRONIC Plus,2018,至今,N/A
MERCEDES-BENZ,Sprinter,貨車,柴油,319 CDI Sprinter Kompakt HA,2018,至今,N/A
MERCEDES-BENZ,Sprinter,貨車,柴油,319 CDI Sprinter Lang 4x4 HA 7G-TRONIC Plus,2018,至今,N/A
MERCEDES-BENZ,Sprinter,貨車,柴油,319 CDI Sprinter Lang HA,2018,至今,N/A
MERCEDES-BENZ,Sprinter,貨車,柴油,319 CDI Sprinter Lang HA (OM654),2018,至今,N/A
MERCEDES-BENZ,Sprinter,貨車,柴油,319 CDI Sprinter Lang HA 7G-TRONIC Plus,2018,至今,N/A
MERCEDES-BENZ,Sprinter,貨車,柴油,319 CDI Sprinter Lang HA 9G-TRONIC (OM654),2018,至今,N/A
MERCEDES-BENZ,Sprinter,貨車,柴油,"319 CDI Sprinter Lang HA 9G-TRONIC, PRO seit 03/2024",2018,至今,N/A
MERCEDES-BENZ,Sprinter,貨車,柴油,"319 CDI Sprinter Lang HA 9G-TRONIC, SELECT seit 03/2024",2018,至今,N/A
MERCEDES-BENZ,Sprinter,貨車,柴油,"319 CDI Sprinter Lang HA, PRO seit 03/2024",2018,至今,N/A
MERCEDES-BENZ,Sprinter,貨車,柴油,"319 CDI Sprinter Lang HA, SELECT seit 03/2024",2018,至今,N/A
MERCEDES-BENZ,Sprinter,貨車,柴油,319 CDI Sprinter Standard 4x4 HA 7G-TRONIC Plus,2018,至今,N/A
MERCEDES-BENZ,Sprinter,貨車,柴油,319 CDI Sprinter Standard HA,2018,至今,N/A
MERCEDES-BENZ,Sprinter,貨車,柴油,319 CDI Sprinter Standard HA (OM654),2018,至今,N/A
MERCEDES-BENZ,Sprinter,貨車,柴油,319 CDI Sprinter Standard HA 7G-TRONIC Plus,2018,至今,N/A
MERCEDES-BENZ,Sprinter,貨車,柴油,319 CDI Sprinter Standard HA 9G-TRONIC (OM654),2018,至今,N/A
MERCEDES-BENZ,Sprinter,貨車,柴油,"319 CDI Sprinter Standard HA 9G-TRONIC, PRO seit 03/2024",2018,至今,N/A
MERCEDES-BENZ,Sprinter,貨車,柴油,"319 CDI Sprinter Standard HA 9G-TRONIC, SELECT seit 03/2024",2018,至今,N/A
MERCEDES-BENZ,Sprinter,貨車,柴油,"319 CDI Sprinter Standard HA, PRO seit 03/2024",2018,至今,N/A
MERCEDES-BENZ,Sprinter,貨車,柴油,"319 CDI Sprinter Standard HA, SELECT seit 03/2024",2018,至今,N/A
MERCEDES-BENZ,Sprinter,貨車,柴油,411 CDI Sprinter Kompakt HA,2018,至今,N/A
MERCEDES-BENZ,Sprinter,貨車,柴油,411 CDI Sprinter Kompakt HA 7G-TRONIC Plus,2018,至今,N/A
MERCEDES-BENZ,Sprinter,貨車,柴油,411 CDI Sprinter Kompakt HA 7G-Tronic Plus,2018,至今,N/A
MERCEDES-BENZ,Sprinter,貨車,柴油,411 CDI Sprinter Kompakt HA 9G-TRONIC (OM654),2018,至今,N/A
MERCEDES-BENZ,Sprinter,貨車,柴油,411 CDI Sprinter Kompakt VA,2018,至今,N/A
MERCEDES-BENZ,Sprinter,貨車,柴油,411 CDI Sprinter Kompakt VA 9G-TRONIC,2018,至今,N/A
MERCEDES-BENZ,Sprinter,貨車,柴油,411 CDI Sprinter Lang HA,2018,至今,N/A
MERCEDES-BENZ,Sprinter,貨車,柴油,411 CDI Sprinter Lang HA 7G-TRONIC Plus,2018,至今,N/A
MERCEDES-BENZ,Sprinter,貨車,柴油,411 CDI Sprinter Lang HA 9G-TRONIC (OM654),2018,至今,N/A
MERCEDES-BENZ,Sprinter,貨車,柴油,"411 CDI Sprinter Lang HA, BASE seit 03/2024",2018,至今,N/A
MERCEDES-BENZ,Sprinter,貨車,柴油,"411 CDI Sprinter Lang HA, PRO seit 03/2024",2018,至今,N/A
MERCEDES-BENZ,Sprinter,貨車,柴油,411 CDI Sprinter Standard HA,2018,至今,N/A
MERCEDES-BENZ,Sprinter,貨車,柴油,411 CDI Sprinter Standard HA 7G-TRONIC Plus,2018,至今,N/A
MERCEDES-BENZ,Sprinter,貨車,柴油,411 CDI Sprinter Standard HA 9G-TRONIC (OM654),2018,至今,N/A
MERCEDES-BENZ,Sprinter,貨車,柴油,"411 CDI Sprinter Standard HA, BASE seit 03/2024",2018,至今,N/A
MERCEDES-BENZ,Sprinter,貨車,柴油,"411 CDI Sprinter Standard HA, PRO seit 03/2024",2018,至今,N/A
MERCEDES-BENZ,Sprinter,貨車,柴油,411 CDI Sprinter Standard VA,2018,至今,N/A
MERCEDES-BENZ,Sprinter,貨車,柴油,411 CDI Sprinter Standard VA 9G-TRONIC,2018,至今,N/A
MERCEDES-BENZ,Sprinter,貨車,柴油,414 CDI Sprinter 4x4 Kompakt HA,2018,至今,N/A
MERCEDES-BENZ,Sprinter,貨車,柴油,414 CDI Sprinter 4x4 Kompakt HA 7G-TRONIC Plus,2018,至今,N/A
MERCEDES-BENZ,Sprinter,貨車,柴油,414 CDI Sprinter 4x4 Lang HA,2018,至今,N/A
MERCEDES-BENZ,Sprinter,貨車,柴油,414 CDI Sprinter 4x4 Lang HA 7G-TRONIC Plus,2018,至今,N/A
MERCEDES-BENZ,Sprinter,貨車,柴油,414 CDI Sprinter 4x4 Standard HA,2018,至今,N/A
MERCEDES-BENZ,Sprinter,貨車,柴油,414 CDI Sprinter 4x4 Standard HA 7G-TRONIC Plus,2018,至今,N/A
MERCEDES-BENZ,Sprinter,貨車,柴油,414 CDI Sprinter Kompakt HA,2018,至今,N/A
MERCEDES-BENZ,Sprinter,貨車,柴油,414 CDI Sprinter Kompakt HA 7G-TRONIC Plus,2018,至今,N/A
MERCEDES-BENZ,Sprinter,貨車,柴油,414 CDI Sprinter Kompakt HA 7G-Tronic Plus,2018,至今,N/A
MERCEDES-BENZ,Sprinter,貨車,柴油,414 CDI Sprinter Kompakt VA,2018,至今,N/A
MERCEDES-BENZ,Sprinter,貨車,柴油,414 CDI Sprinter Kompakt VA 9G-TRONIC,2018,至今,N/A
MERCEDES-BENZ,Sprinter,貨車,柴油,414 CDI Sprinter Lang HA,2018,至今,N/A
MERCEDES-BENZ,Sprinter,貨車,柴油,414 CDI Sprinter Lang HA 7G-TRONIC Plus,2018,至今,N/A
MERCEDES-BENZ,Sprinter,貨車,柴油,414 CDI Sprinter Standard HA,2018,至今,N/A
MERCEDES-BENZ,Sprinter,貨車,柴油,414 CDI Sprinter Standard HA 7G-TRONIC Plus,2018,至今,N/A
MERCEDES-BENZ,Sprinter,貨車,柴油,414 CDI Sprinter Standard VA,2018,至今,N/A
MERCEDES-BENZ,Sprinter,貨車,柴油,414 CDI Sprinter Standard VA 9G-TRONIC,2018,至今,N/A
MERCEDES-BENZ,Sprinter,貨車,柴油,415 CDI Sprinter Kompakt HA,2018,至今,N/A
MERCEDES-BENZ,Sprinter,貨車,柴油,415 CDI Sprinter Kompakt HA 9G-TRONIC,2018,至今,N/A
MERCEDES-BENZ,Sprinter,貨車,柴油,415 CDI Sprinter Kompakt VA,2018,至今,N/A
MERCEDES-BENZ,Sprinter,貨車,柴油,415 CDI Sprinter Kompakt VA 9G-TRONIC,2018,至今,N/A
MERCEDES-BENZ,Sprinter,貨車,柴油,415 CDI Sprinter Lang HA,2018,至今,N/A
MERCEDES-BENZ,Sprinter,貨車,柴油,415 CDI Sprinter Lang HA 9G-TRONIC,2018,至今,N/A
MERCEDES-BENZ,Sprinter,貨車,柴油,"415 CDI Sprinter Lang HA 9G-TRONIC, BASE seit 03/2024",2018,至今,N/A
MERCEDES-BENZ,Sprinter,貨車,柴油,"415 CDI Sprinter Lang HA 9G-TRONIC, PRO seit 03/2024",2018,至今,N/A
MERCEDES-BENZ,Sprinter,貨車,柴油,"415 CDI Sprinter Lang HA 9G-TRONIC, SELECT seit 03/2024",2018,至今,N/A
MERCEDES-BENZ,Sprinter,貨車,柴油,"415 CDI Sprinter Lang HA, BASE",2018,至今,N/A
MERCEDES-BENZ,Sprinter,貨車,柴油,"415 CDI Sprinter Lang HA, PRO",2018,至今,N/A
MERCEDES-BENZ,Sprinter,貨車,柴油,"415 CDI Sprinter Lang HA, SELECT",2018,至今,N/A
MERCEDES-BENZ,Sprinter,貨車,柴油,415 CDI Sprinter Standard HA,2018,至今,N/A
MERCEDES-BENZ,Sprinter,貨車,柴油,415 CDI Sprinter Standard HA 9G-TRONIC,2018,至今,N/A
MERCEDES-BENZ,Sprinter,貨車,柴油,"415 CDI Sprinter Standard HA 9G-TRONIC, BASE seit 03/2024",2018,至今,N/A
MERCEDES-BENZ,Sprinter,貨車,柴油,"415 CDI Sprinter Standard HA 9G-TRONIC, PRO seit 03/2024",2018,至今,N/A
MERCEDES-BENZ,Sprinter,貨車,柴油,"415 CDI Sprinter Standard HA 9G-TRONIC, SELECT seit 03/2024",2018,至今,N/A
MERCEDES-BENZ,Sprinter,貨車,柴油,"415 CDI Sprinter Standard HA, BASE",2018,至今,N/A
MERCEDES-BENZ,Sprinter,貨車,柴油,"415 CDI Sprinter Standard HA, PRO",2018,至今,N/A
MERCEDES-BENZ,Sprinter,貨車,柴油,"415 CDI Sprinter Standard HA, SELECT",2018,至今,N/A
MERCEDES-BENZ,Sprinter,貨車,柴油,415 CDI Sprinter Standard VA,2018,至今,N/A
MERCEDES-BENZ,Sprinter,貨車,柴油,415 CDI Sprinter Standard VA 9G-TRONIC,2018,至今,N/A
MERCEDES-BENZ,Sprinter,貨車,柴油,"415 CDI Sprinter Standard VA 9G-TRONIC, BASE seit 03/2024",2018,至今,N/A
MERCEDES-BENZ,Sprinter,貨車,柴油,"415 CDI Sprinter Standard VA 9G-TRONIC, PRO seit 03/2024",2018,至今,N/A
MERCEDES-BENZ,Sprinter,貨車,柴油,"415 CDI Sprinter Standard VA 9G-TRONIC, SELECT seit 03/2024",2018,至今,N/A
MERCEDES-BENZ,Sprinter,貨車,柴油,"415 CDI Sprinter Standard VA, BASE",2018,至今,N/A
MERCEDES-BENZ,Sprinter,貨車,柴油,"415 CDI Sprinter Standard VA, PRO",2018,至今,N/A
MERCEDES-BENZ,Sprinter,貨車,柴油,"415 CDI Sprinter Standard VA, SELECT",2018,至今,N/A
MERCEDES-BENZ,Sprinter,貨車,柴油,416 CDI Sprinter 4x4 Kompakt HA,2018,至今,N/A
MERCEDES-BENZ,Sprinter,貨車,柴油,416 CDI Sprinter 4x4 Kompakt HA 7G-TRONIC Plus,2018,至今,N/A
MERCEDES-BENZ,Sprinter,貨車,柴油,416 CDI Sprinter 4x4 Lang HA,2018,至今,N/A
MERCEDES-BENZ,Sprinter,貨車,柴油,416 CDI Sprinter 4x4 Lang HA 7G-TRONIC Plus,2018,至今,N/A
MERCEDES-BENZ,Sprinter,貨車,柴油,416 CDI Sprinter 4x4 Standard HA,2018,至今,N/A
MERCEDES-BENZ,Sprinter,貨車,柴油,416 CDI Sprinter 4x4 Standard HA 7G-TRONIC Plus,2018,至今,N/A
MERCEDES-BENZ,Sprinter,貨車,柴油,416 CDI Sprinter Kompakt HA,2018,至今,N/A
MERCEDES-BENZ,Sprinter,貨車,柴油,416 CDI Sprinter Kompakt HA 7G-TRONIC Plus,2018,至今,N/A
MERCEDES-BENZ,Sprinter,貨車,柴油,416 CDI Sprinter Kompakt HA 7G-Tronic Plus,2018,至今,N/A
MERCEDES-BENZ,Sprinter,貨車,柴油,416 CDI Sprinter Lang HA,2018,至今,N/A
MERCEDES-BENZ,Sprinter,貨車,柴油,416 CDI Sprinter Lang HA 7G-TRONIC Plus,2018,至今,N/A
MERCEDES-BENZ,Sprinter,貨車,柴油,416 CDI Sprinter Standard HA,2018,至今,N/A
MERCEDES-BENZ,Sprinter,貨車,柴油,416 CDI Sprinter Standard HA 7G-TRONIC Plus,2018,至今,N/A
MERCEDES-BENZ,Sprinter,貨車,柴油,417 CDI Sprinter Kompakt HA,2018,至今,N/A
MERCEDES-BENZ,Sprinter,貨車,柴油,417 CDI Sprinter Kompakt HA 9G-TRONIC,2018,至今,N/A
MERCEDES-BENZ,Sprinter,貨車,柴油,417 CDI Sprinter Lang HA,2018,至今,N/A
MERCEDES-BENZ,Sprinter,貨車,柴油,417 CDI Sprinter Lang HA 9G-TRONIC,2018,至今,N/A
MERCEDES-BENZ,Sprinter,貨車,柴油,"417 CDI Sprinter Lang HA 9G-TRONIC, BASE seit 03/2024",2018,至今,N/A
MERCEDES-BENZ,Sprinter,貨車,柴油,"417 CDI Sprinter Lang HA 9G-TRONIC, PRO seit 03/2024",2018,至今,N/A
MERCEDES-BENZ,Sprinter,貨車,柴油,"417 CDI Sprinter Lang HA 9G-TRONIC, SELECT seit 03/2024",2018,至今,N/A
MERCEDES-BENZ,Sprinter,貨車,柴油,"417 CDI Sprinter Lang HA, BASE seit 03/2024",2018,至今,N/A
MERCEDES-BENZ,Sprinter,貨車,柴油,"417 CDI Sprinter Lang HA, PRO seit 03/2024",2018,至今,N/A
MERCEDES-BENZ,Sprinter,貨車,柴油,"417 CDI Sprinter Lang HA, SELECT seit 03/2024",2018,至今,N/A
MERCEDES-BENZ,Sprinter,貨車,柴油,417 CDI Sprinter Standard HA,2018,至今,N/A
MERCEDES-BENZ,Sprinter,貨車,柴油,417 CDI Sprinter Standard HA 9G-TRONIC,2018,至今,N/A
MERCEDES-BENZ,Sprinter,貨車,柴油,"417 CDI Sprinter Standard HA 9G-TRONIC, BASE seit 03/2024",2018,至今,N/A
MERCEDES-BENZ,Sprinter,貨車,柴油,"417 CDI Sprinter Standard HA 9G-TRONIC, PRO seit 03/2024",2018,至今,N/A
MERCEDES-BENZ,Sprinter,貨車,柴油,"417 CDI Sprinter Standard HA 9G-TRONIC, SELECT seit 03/2024",2018,至今,N/A
MERCEDES-BENZ,Sprinter,貨車,柴油,"417 CDI Sprinter Standard HA, BASE seit 03/2024",2018,至今,N/A
MERCEDES-BENZ,Sprinter,貨車,柴油,"417 CDI Sprinter Standard HA, PRO seit 03/2024",2018,至今,N/A
MERCEDES-BENZ,Sprinter,貨車,柴油,"417 CDI Sprinter Standard HA, SELECT seit 03/2024",2018,至今,N/A
MERCEDES-BENZ,Sprinter,貨車,柴油,417 CDI Sprinter Standard VA,2018,至今,N/A
MERCEDES-BENZ,Sprinter,貨車,柴油,417 CDI Sprinter Standard VA 9G-TRONIC (OM654),2018,至今,N/A
MERCEDES-BENZ,Sprinter,貨車,柴油,"417 CDI Sprinter Standard VA 9G-TRONIC, BASE seit 03/2024",2018,至今,N/A
MERCEDES-BENZ,Sprinter,貨車,柴油,"417 CDI Sprinter Standard VA 9G-TRONIC, PRO seit 03/2024",2018,至今,N/A
MERCEDES-BENZ,Sprinter,貨車,柴油,"417 CDI Sprinter Standard VA 9G-TRONIC, SELECT seit 03/2024",2018,至今,N/A
MERCEDES-BENZ,Sprinter,貨車,柴油,417 CDI Sprinter Standard VA 9G-Tronic,2018,至今,N/A
MERCEDES-BENZ,Sprinter,貨車,柴油,419 CDI Sprinter 4x4 Kompakt HA 7G-Tronic Plus,2018,至今,N/A
MERCEDES-BENZ,Sprinter,貨車,柴油,419 CDI Sprinter 4x4 Lang 9G-TRONIC,2018,至今,N/A
MERCEDES-BENZ,Sprinter,貨車,柴油,"419 CDI Sprinter 4x4 Lang 9G-TRONIC, PRO seit 03/2024",2018,至今,N/A
MERCEDES-BENZ,Sprinter,貨車,柴油,"419 CDI Sprinter 4x4 Lang 9G-TRONIC, SELECT seit 03/2024",2018,至今,N/A
MERCEDES-BENZ,Sprinter,貨車,柴油,419 CDI Sprinter 4x4 Lang HA 7G-TRONIC Plus,2018,至今,N/A
MERCEDES-BENZ,Sprinter,貨車,柴油,419 CDI Sprinter 4x4 Standard 9G-TRONIC,2018,至今,N/A
MERCEDES-BENZ,Sprinter,貨車,柴油,"419 CDI Sprinter 4x4 Standard 9G-TRONIC, PRO seit 03/2024",2018,至今,N/A
MERCEDES-BENZ,Sprinter,貨車,柴油,"419 CDI Sprinter 4x4 Standard 9G-TRONIC, SELECT seit 03/2024",2018,至今,N/A
MERCEDES-BENZ,Sprinter,貨車,柴油,419 CDI Sprinter 4x4 Standard HA 7G-TRONIC Plus,2018,至今,N/A
MERCEDES-BENZ,Sprinter,貨車,柴油,419 CDI Sprinter Kompakt HA 7G-Tronic Plus,2018,至今,N/A
MERCEDES-BENZ,Sprinter,貨車,柴油,419 CDI Sprinter Lang HA,2018,至今,N/A
MERCEDES-BENZ,Sprinter,貨車,柴油,419 CDI Sprinter Lang HA 7G-TRONIC Plus,2018,至今,N/A
MERCEDES-BENZ,Sprinter,貨車,柴油,419 CDI Sprinter Lang HA 9G-TRONIC,2018,至今,N/A
MERCEDES-BENZ,Sprinter,貨車,柴油,"419 CDI Sprinter Lang HA 9G-TRONIC, PRO seit 03/2024",2018,至今,N/A
MERCEDES-BENZ,Sprinter,貨車,柴油,"419 CDI Sprinter Lang HA 9G-TRONIC, SELECT seit 03/2024",2018,至今,N/A
MERCEDES-BENZ,Sprinter,貨車,柴油,"419 CDI Sprinter Lang HA, PRO",2018,至今,N/A
MERCEDES-BENZ,Sprinter,貨車,柴油,"419 CDI Sprinter Lang HA, SELECT",2018,至今,N/A
MERCEDES-BENZ,Sprinter,貨車,柴油,419 CDI Sprinter Standard HA,2018,至今,N/A
MERCEDES-BENZ,Sprinter,貨車,柴油,419 CDI Sprinter Standard HA 7G-TRONIC Plus,2018,至今,N/A
MERCEDES-BENZ,Sprinter,貨車,柴油,419 CDI Sprinter Standard HA 9G-TRONIC,2018,至今,N/A
MERCEDES-BENZ,Sprinter,貨車,柴油,"419 CDI Sprinter Standard HA 9G-TRONIC, PRO seit 03/2024",2018,至今,N/A
MERCEDES-BENZ,Sprinter,貨車,柴油,"419 CDI Sprinter Standard HA 9G-TRONIC, SELECT seit 03/2024",2018,至今,N/A
MERCEDES-BENZ,Sprinter,貨車,柴油,"419 CDI Sprinter Standard HA, PRO",2018,至今,N/A
MERCEDES-BENZ,Sprinter,貨車,柴油,"419 CDI Sprinter Standard HA, SELECT",2018,至今,N/A
MERCEDES-BENZ,Sprinter,貨車,柴油,511 CDI Sprinter Lang HA,2018,至今,N/A
MERCEDES-BENZ,Sprinter,貨車,柴油,511 CDI Sprinter Standard HA,2018,至今,N/A
MERCEDES-BENZ,Sprinter,貨車,柴油,514 CDI Sprinter Lang HA,2018,至今,N/A
MERCEDES-BENZ,Sprinter,貨車,柴油,514 CDI Sprinter Lang HA 7G-TRONIC Plus,2018,至今,N/A
MERCEDES-BENZ,Sprinter,貨車,柴油,514 CDI Sprinter Standard HA,2018,至今,N/A
MERCEDES-BENZ,Sprinter,貨車,柴油,514 CDI Sprinter Standard HA 7G-TRONIC Plus,2018,至今,N/A
MERCEDES-BENZ,Sprinter,貨車,柴油,515 CDI Sprinter Lang HA,2018,至今,N/A
MERCEDES-BENZ,Sprinter,貨車,柴油,515 CDI Sprinter Lang HA 9G-TRONIC,2018,至今,N/A
MERCEDES-BENZ,Sprinter,貨車,柴油,"515 CDI Sprinter Lang HA 9G-TRONIC, BASE seit 03/2024",2018,至今,N/A
MERCEDES-BENZ,Sprinter,貨車,柴油,"515 CDI Sprinter Lang HA 9G-TRONIC, PRO seit 03/2024",2018,至今,N/A
MERCEDES-BENZ,Sprinter,貨車,柴油,"515 CDI Sprinter Lang HA 9G-TRONIC, SELECT seit 03/2024",2018,至今,N/A
MERCEDES-BENZ,Sprinter,貨車,柴油,"515 CDI Sprinter Lang HA, BASE seit 03/2024",2018,至今,N/A
MERCEDES-BENZ,Sprinter,貨車,柴油,"515 CDI Sprinter Lang HA, PRO seit 03/2024",2018,至今,N/A
MERCEDES-BENZ,Sprinter,貨車,柴油,"515 CDI Sprinter Lang HA, SELECT seit 03/2024",2018,至今,N/A
MERCEDES-BENZ,Sprinter,貨車,柴油,515 CDI Sprinter Standard HA,2018,至今,N/A
MERCEDES-BENZ,Sprinter,貨車,柴油,515 CDI Sprinter Standard HA 9G-TRONIC,2018,至今,N/A
MERCEDES-BENZ,Sprinter,貨車,柴油,"515 CDI Sprinter Standard HA 9G-TRONIC, BASE seit 03/2024",2018,至今,N/A
MERCEDES-BENZ,Sprinter,貨車,柴油,"515 CDI Sprinter Standard HA 9G-TRONIC, PRO seit 03/2024",2018,至今,N/A
MERCEDES-BENZ,Sprinter,貨車,柴油,"515 CDI Sprinter Standard HA 9G-TRONIC, SELECT seit 03/2024",2018,至今,N/A
MERCEDES-BENZ,Sprinter,貨車,柴油,"515 CDI Sprinter Standard HA, BASE seit 03/2024",2018,至今,N/A
MERCEDES-BENZ,Sprinter,貨車,柴油,"515 CDI Sprinter Standard HA, PRO seit 03/2024",2018,至今,N/A
MERCEDES-BENZ,Sprinter,貨車,柴油,"515 CDI Sprinter Standard HA, SELECT seit 03/2024",2018,至今,N/A
MERCEDES-BENZ,Sprinter,貨車,柴油,516 CDI Sprinter 4x4 Lang HA,2018,至今,N/A
MERCEDES-BENZ,Sprinter,貨車,柴油,516 CDI Sprinter 4x4 Lang HA 7G-TRONIC Plus,2018,至今,N/A
MERCEDES-BENZ,Sprinter,貨車,柴油,516 CDI Sprinter 4x4 Standard HA,2018,至今,N/A
MERCEDES-BENZ,Sprinter,貨車,柴油,516 CDI Sprinter 4x4 Standard HA 7G-TRONIC Plus,2018,至今,N/A
MERCEDES-BENZ,Sprinter,貨車,柴油,516 CDI Sprinter Lang HA,2018,至今,N/A
MERCEDES-BENZ,Sprinter,貨車,柴油,516 CDI Sprinter Lang HA 7G-TRONIC Plus,2018,至今,N/A
MERCEDES-BENZ,Sprinter,貨車,柴油,516 CDI Sprinter Standard HA,2018,至今,N/A
MERCEDES-BENZ,Sprinter,貨車,柴油,516 CDI Sprinter Standard HA 7G-TRONIC Plus,2018,至今,N/A
MERCEDES-BENZ,Sprinter,貨車,柴油,"517 CDI Sprinter Lang HA 9G-TRONIC, BASE seit 03/2024",2018,至今,N/A
MERCEDES-BENZ,Sprinter,貨車,柴油,"517 CDI Sprinter Lang HA 9G-TRONIC, PRO seit 03/2024",2018,至今,N/A
MERCEDES-BENZ,Sprinter,貨車,柴油,"517 CDI Sprinter Lang HA 9G-TRONIC, SELECT seit 03/2024",2018,至今,N/A
MERCEDES-BENZ,Sprinter,貨車,柴油,"517 CDI Sprinter Lang HA, BASE seit 03/2024",2018,至今,N/A
MERCEDES-BENZ,Sprinter,貨車,柴油,"517 CDI Sprinter Lang HA, PRO seit 03/2024",2018,至今,N/A
MERCEDES-BENZ,Sprinter,貨車,柴油,"517 CDI Sprinter Lang HA, SELECT seit 03/2024",2018,至今,N/A
MERCEDES-BENZ,Sprinter,貨車,柴油,"517 CDI Sprinter Standard HA 9G-TRONIC, BASE seit 03/2024",2018,至今,N/A
MERCEDES-BENZ,Sprinter,貨車,柴油,"517 CDI Sprinter Standard HA 9G-TRONIC, PRO seit 03/2024",2018,至今,N/A
MERCEDES-BENZ,Sprinter,貨車,柴油,"517 CDI Sprinter Standard HA 9G-TRONIC, SELECT seit 03/2024",2018,至今,N/A
MERCEDES-BENZ,Sprinter,貨車,柴油,"517 CDI Sprinter Standard HA, BASE seit 03/2024",2018,至今,N/A
MERCEDES-BENZ,Sprinter,貨車,柴油,"517 CDI Sprinter Standard HA, PRO seit 03/2024",2018,至今,N/A
MERCEDES-BENZ,Sprinter,貨車,柴油,"517 CDI Sprinter Standard HA, SELECT seit 03/2024",2018,至今,N/A
MERCEDES-BENZ,Sprinter,貨車,柴油,519 CDI Sprinter 4x4 Lang 9G-TRONIC,2018,至今,N/A
MERCEDES-BENZ,Sprinter,貨車,柴油,"519 CDI Sprinter 4x4 Lang 9G-TRONIC, PRO seit 03/2024",2018,至今,N/A
MERCEDES-BENZ,Sprinter,貨車,柴油,"519 CDI Sprinter 4x4 Lang 9G-TRONIC, SELECT seit 03/2024",2018,至今,N/A
MERCEDES-BENZ,Sprinter,貨車,柴油,519 CDI Sprinter 4x4 Lang HA 7G-TRONIC Plus,2018,至今,N/A
MERCEDES-BENZ,Sprinter,貨車,柴油,519 CDI Sprinter 4x4 Standard 9G-TRONIC,2018,至今,N/A
MERCEDES-BENZ,Sprinter,貨車,柴油,"519 CDI Sprinter 4x4 Standard 9G-TRONIC, PRO seit 03/2024",2018,至今,N/A
MERCEDES-BENZ,Sprinter,貨車,柴油,"519 CDI Sprinter 4x4 Standard 9G-TRONIC, SELECT seit 03/2024",2018,至今,N/A
MERCEDES-BENZ,Sprinter,貨車,柴油,519 CDI Sprinter 4x4 Standard HA 7G-TRONIC Plus,2018,至今,N/A
MERCEDES-BENZ,Sprinter,貨車,柴油,519 CDI Sprinter Lang HA,2018,至今,N/A
MERCEDES-BENZ,Sprinter,貨車,柴油,519 CDI Sprinter Lang HA 7G-TRONIC Plus,2018,至今,N/A
MERCEDES-BENZ,Sprinter,貨車,柴油,519 CDI Sprinter Lang HA 9G-TRONIC,2018,至今,N/A
MERCEDES-BENZ,Sprinter,貨車,柴油,"519 CDI Sprinter Lang HA 9G-TRONIC, PRO seit 03/2024",2018,至今,N/A
MERCEDES-BENZ,Sprinter,貨車,柴油,"519 CDI Sprinter Lang HA 9G-TRONIC, SELECT seit 03/2024",2018,至今,N/A
MERCEDES-BENZ,Sprinter,貨車,柴油,"519 CDI Sprinter Lang HA, PRO seit 03/2024",2018,至今,N/A
MERCEDES-BENZ,Sprinter,貨車,柴油,"519 CDI Sprinter Lang HA, SELECT seit 03/2024",2018,至今,N/A
MERCEDES-BENZ,Sprinter,貨車,柴油,519 CDI Sprinter Standard HA,2018,至今,N/A
MERCEDES-BENZ,Sprinter,貨車,柴油,519 CDI Sprinter Standard HA 7G-TRONIC Plus,2018,至今,N/A
MERCEDES-BENZ,Sprinter,貨車,柴油,519 CDI Sprinter Standard HA 9G-TRONIC,2018,至今,N/A
MERCEDES-BENZ,Sprinter,貨車,柴油,"519 CDI Sprinter Standard HA 9G-TRONIC, PRO seit 03/2024",2018,至今,N/A
MERCEDES-BENZ,Sprinter,貨車,柴油,"519 CDI Sprinter Standard HA 9G-TRONIC, SELECT seit 03/2024",2018,至今,N/A
MERCEDES-BENZ,Sprinter,貨車,柴油,"519 CDI Sprinter Standard HA, PRO seit 03/2024",2018,至今,N/A
MERCEDES-BENZ,Sprinter,貨車,柴油,"519 CDI Sprinter Standard HA, SELECT seit 03/2024",2018,至今,N/A
MERCEDES-BENZ,Sprinter,貨車,電力,"eSprinter 314 Lang 56 kWh, BASE seit 08/2024",2018,至今,N/A
MERCEDES-BENZ,Sprinter,貨車,電力,"eSprinter 314 Lang 56 kWh, PRO seit 08/2024",2018,至今,N/A
MERCEDES-BENZ,Sprinter,貨車,電力,"eSprinter 314 Lang 56 kWh, SELECT seit 08/2024",2018,至今,N/A
MERCEDES-BENZ,Vaneo,廂型車,柴油,"Vaneo CDI, Ambiente",2001,2005,N/A
MERCEDES-BENZ,Vaneo,廂型車,柴油,"Vaneo CDI, Family",2001,2005,N/A
MERCEDES-BENZ,Vaneo,廂型車,柴油,"Vaneo CDI, Imagination",2001,2005,N/A
MERCEDES-BENZ,Vaneo,廂型車,汽油,"Vaneo 1.6, Ambiente",2001,2005,N/A
MERCEDES-BENZ,Vaneo,廂型車,汽油,"Vaneo 1.6, Family",2001,2005,N/A
MERCEDES-BENZ,Vaneo,廂型車,汽油,"Vaneo 1.6, Imagination",2001,2005,N/A
MERCEDES-BENZ,Vaneo,廂型車,汽油,"Vaneo 1.6, La Vida",2001,2005,N/A
MERCEDES-BENZ,Vaneo,廂型車,汽油,"Vaneo 1.6, Trend",2001,2005,N/A
MERCEDES-BENZ,Vaneo,廂型車,汽油,"Vaneo 1.9, Ambiente",2001,2005,N/A
MERCEDES-BENZ,Vaneo,廂型車,汽油,"Vaneo 1.9, Family",2001,2005,N/A
MERCEDES-BENZ,Vaneo,廂型車,汽油,"Vaneo 1.9, Imagination",2001,2005,N/A
MERCEDES-BENZ,Vaneo,廂型車,汽油,"Vaneo 1.9, La Vida",2001,2005,N/A
MERCEDES-BENZ,Vaneo,廂型車,汽油,"Vaneo 1.9, Trend",2001,2005,N/A
MERCEDES-BENZ,Vaneo,廂型車,汽油,"Vaneo, Ambiente",2001,2005,N/A
MERCEDES-BENZ,Vaneo,廂型車,汽油,"Vaneo, Family",2001,2005,N/A
MERCEDES-BENZ,Vaneo,廂型車,汽油,"Vaneo, Imagination",2001,2005,N/A
MERCEDES-BENZ,Vaneo,廂型車,汽油,"Vaneo, La Vida",2001,2005,N/A
MERCEDES-BENZ,Vaneo,廂型車,汽油,"Vaneo, Trend",2001,2005,N/A
MERCEDES-BENZ,Viano,精選型,柴油,"Viano 2.0 CDI DPF 4Matic kompakt Automatik, Trend",2003,2014,N/A
MERCEDES-BENZ,Viano,精選型,柴油,"Viano 2.0 CDI DPF 4Matic lang Automatik, Trend",2003,2014,N/A
MERCEDES-BENZ,Viano,精選型,柴油,"Viano 2.0 CDI DPF extralang, Ambiente",2003,2014,N/A
MERCEDES-BENZ,Viano,精選型,汽油,"Viano 3.0 extralang Automatik, Ambiente",2003,2014,N/A
MERCEDES-BENZ,Viano,精選型,汽油,"Viano 3.0 extralang Automatik, Ambiente Activity",2003,2014,N/A
MERCEDES-BENZ,Viano,精選型,汽油,"Viano 3.0 extralang Automatik, Trend",2003,2014,N/A
MERCEDES-BENZ,Viano,精選型,汽油,"Viano 3.0 extralang Automatik, Trend Activity",2003,2014,N/A
MERCEDES-BENZ,Viano,精選型,汽油,"Viano 3.0 kompakt Automatik, Ambiente",2003,2014,N/A
MERCEDES-BENZ,Viano,精選型,汽油,"Viano 3.0 kompakt Automatik, Ambiente Activity",2003,2014,N/A
MERCEDES-BENZ,Viano,精選型,汽油,"Viano 3.0 kompakt Automatik, Fun",2003,2014,N/A
MERCEDES-BENZ,Viano,精選型,汽油,"Viano 3.0 kompakt Automatik, Fun Activity",2003,2014,N/A
MERCEDES-BENZ,Viano,精選型,汽油,"Viano 3.0 kompakt Automatik, Trend",2003,2014,N/A
MERCEDES-BENZ,Viano,精選型,汽油,"Viano 3.0 kompakt Automatik, Trend Activity",2003,2014,N/A
MERCEDES-BENZ,Viano,精選型,汽油,"Viano 3.0 lang Automatik, Ambiente",2003,2014,N/A
MERCEDES-BENZ,Viano,精選型,汽油,"Viano 3.0 lang Automatik, Ambiente Activity",2003,2014,N/A
MERCEDES-BENZ,Viano,精選型,汽油,"Viano 3.0 lang Automatik, Fun",2003,2014,N/A
MERCEDES-BENZ,Viano,精選型,汽油,"Viano 3.0 lang Automatik, Fun Activity",2003,2014,N/A
MERCEDES-BENZ,Viano,精選型,汽油,"Viano 3.0 lang Automatik, Trend",2003,2014,N/A
MERCEDES-BENZ,Viano,精選型,汽油,"Viano 3.0 lang Automatik, Trend Activity",2003,2014,N/A
MERCEDES-BENZ,Viano,精選型,汽油,"Viano 3.5 extralang Automatik, Ambiente",2003,2014,N/A
MERCEDES-BENZ,Viano,精選型,汽油,"Viano 3.5 extralang Automatik, Ambiente Activity",2003,2014,N/A
MERCEDES-BENZ,Viano,精選型,汽油,"Viano 3.5 extralang Automatik, Trend",2003,2014,N/A
MERCEDES-BENZ,Viano,精選型,汽油,"Viano 3.5 extralang Automatik, Trend Activity",2003,2014,N/A
MERCEDES-BENZ,Viano,精選型,汽油,"Viano 3.5 kompakt Automatik, Ambiente",2003,2014,N/A
MERCEDES-BENZ,Viano,精選型,汽油,"Viano 3.5 kompakt Automatik, Ambiente Activity",2003,2014,N/A
MERCEDES-BENZ,Viano,精選型,汽油,"Viano 3.5 kompakt Automatik, Avantgarde",2003,2014,N/A
MERCEDES-BENZ,Viano,精選型,汽油,"Viano 3.5 kompakt Automatik, Avantgarde EDITION 125",2003,2014,N/A
MERCEDES-BENZ,Viano,精選型,汽油,"Viano 3.5 kompakt Automatik, Fun",2003,2014,N/A
MERCEDES-BENZ,Viano,精選型,汽油,"Viano 3.5 kompakt Automatik, Fun Activity",2003,2014,N/A
MERCEDES-BENZ,Viano,精選型,汽油,"Viano 3.5 kompakt Automatik, Trend",2003,2014,N/A
MERCEDES-BENZ,Viano,精選型,汽油,"Viano 3.5 kompakt Automatik, Trend Activity",2003,2014,N/A
MERCEDES-BENZ,Viano,精選型,汽油,"Viano 3.5 kompakt Automatik, X-CLUSIVE",2003,2014,N/A
MERCEDES-BENZ,Viano,精選型,汽油,"Viano 3.5 lang Automatik, Ambiente",2003,2014,N/A
MERCEDES-BENZ,Viano,精選型,汽油,"Viano 3.5 lang Automatik, Ambiente Activity",2003,2014,N/A
MERCEDES-BENZ,Viano,精選型,汽油,"Viano 3.5 lang Automatik, Avantgarde",2003,2014,N/A
MERCEDES-BENZ,Viano,精選型,汽油,"Viano 3.5 lang Automatik, Avantgarde EDITION 125",2003,2014,N/A
MERCEDES-BENZ,Viano,精選型,汽油,"Viano 3.5 lang Automatik, Fun",2003,2014,N/A
MERCEDES-BENZ,Viano,精選型,汽油,"Viano 3.5 lang Automatik, Fun Activity",2003,2014,N/A
MERCEDES-BENZ,Viano,精選型,汽油,"Viano 3.5 lang Automatik, Trend",2003,2014,N/A
MERCEDES-BENZ,Viano,精選型,汽油,"Viano 3.5 lang Automatik, Trend Activity",2003,2014,N/A
MERCEDES-BENZ,Viano,精選型,汽油,"Viano 3.5 lang Automatik, X-CLUSIVE",2003,2014,N/A
MERCEDES-BENZ,Vito,旅行車,柴油,V 200 (BlueTEC) d extralang,2014,至今,N/A
MERCEDES-BENZ,Vito,旅行車,柴油,V 200 (BlueTEC) d extralang 7G-TRONIC,2014,至今,N/A
MERCEDES-BENZ,Vito,旅行車,柴油,"V 200 (BlueTEC) d extralang, Avantgarde",2014,至今,N/A
MERCEDES-BENZ,Vito,旅行車,汽油,V 300 extralang 9G-TRONIC seit 05/2024,2014,至今,N/A
MERCEDES-BENZ,Vito,旅行車,汽油,"V 300 extralang 9G-TRONIC, Avantgarde seit 05/2024",2014,至今,N/A
MERCEDES-BENZ,Vito,旅行車,汽油,"V 300 extralang 9G-TRONIC, Exclusive seit 05/2024",2014,至今,N/A
MERCEDES-BENZ,Vito,旅行車,汽油,"V 300 extralang 9G-TRONIC, Special Edition Avantgarde seit 06/2025",2014,至今,N/A
MERCEDES-BENZ,Vito,旅行車,汽油,"V 300 extralang 9G-TRONIC, Special Edition Style seit 06/2025",2014,至今,N/A
MERCEDES-BENZ,Vito,旅行車,汽油,"V 300 extralang 9G-TRONIC, Style seit 05/2024",2014,至今,N/A
MERCEDES-BENZ,Vito,旅行車,汽油,V 300 lang 9G-TRONIC seit 05/2024,2014,至今,N/A
MERCEDES-BENZ,Vito,旅行車,汽油,"V 300 lang 9G-TRONIC, Avantgarde seit 05/2024",2014,至今,N/A
MERCEDES-BENZ,Vito,旅行車,汽油,"V 300 lang 9G-TRONIC, Exclusive seit 05/2024",2014,至今,N/A
MERCEDES-BENZ,Vito,旅行車,汽油,"V 300 lang 9G-TRONIC, Special Edition Avantgarde seit 06/2025",2014,至今,N/A
MERCEDES-BENZ,Vito,旅行車,汽油,"V 300 lang 9G-TRONIC, Special Edition Style seit 06/2025",2014,至今,N/A
MERCEDES-BENZ,Vito,旅行車,汽油,"V 300 lang 9G-TRONIC, Style seit 05/2024",2014,至今,N/A
MERCEDES-BENZ,X Klasse,皮卡,柴油,"X 220 d 4MATIC, PROGRESSIVE",2017,2020,N/A
MERCEDES-BENZ,X Klasse,皮卡,柴油,"X 220 d 4MATIC, PURE",2017,2020,N/A
MERCEDES-BENZ,X Klasse,皮卡,柴油,"X 220 d, PURE",2017,2020,N/A
MERCEDES-BENZ,X Klasse,皮卡,柴油,"X 250 d 4MATIC Aut., POWER",2017,2020,N/A
MERCEDES-BENZ,X Klasse,皮卡,柴油,"X 250 d 4MATIC, POWER",2017,2020,N/A
MERCEDES-BENZ,X Klasse,皮卡,柴油,"X 250 d 4MATIC, PROGRESSIVE",2017,2020,N/A
MERCEDES-BENZ,X Klasse,皮卡,柴油,"X 250 d 4MATIC, PROGRESSIVE EDITION",2017,2020,N/A
MERCEDES-BENZ,X Klasse,皮卡,柴油,"X 250 d 4MATIC, PURE",2017,2020,N/A
MERCEDES-BENZ,X Klasse,皮卡,柴油,"X 250 d, PROGRESSIVE",2017,2020,N/A
MERCEDES-BENZ,X Klasse,皮卡,柴油,"X 250 d, PROGRESSIVE EDITION",2017,2020,N/A
